{
  "last_node_id": 12,
  "last_link_id": 8,
  "nodes": [
    {
      "id": 4,
      "type": "FaceRestoreCFWithModel",
      "pos": [
        330,
        478
      ],
      "size": {
        "0": 315,
        "1": 102
      },
      "flags": {},
      "order": 4,
      "mode": 0,
      "inputs": [
        {
          "name": "facerestore_model",
          "type": "FACERESTORE_MODEL",
          "link": 5,
          "slot_index": 0
        },
        {
          "name": "image",
          "type": "IMAGE",
          "link": 3
        }
      ],
      "outputs": [
        {
          "name": "IMAGE",
          "type": "IMAGE",
          "links": [
            4
          ],
          "shape": 3,
          "slot_index": 0
        }
      ],
      "properties": {
        "Node name for S&R": "FaceRestoreCFWithModel"
      },
      "widgets_values": [
        "retinaface_resnet50",
        0.5
      ]
    },
    {
      "id": 5,
      "type": "FaceRestoreModelLoader",
      "pos": [
        685,
        502
      ],
      "size": {
        "0": 315,
        "1": 58
      },
      "flags": {},
      "order": 0,
      "mode": 0,
      "outputs": [
        {
          "name": "FACERESTORE_MODEL",
          "type": "FACERESTORE_MODEL",
          "links": [
            5
          ],
          "shape": 3
        }
      ],
      "properties": {
        "Node name for S&R": "FaceRestoreModelLoader"
      },
      "widgets_values": [
        "codeformer.pth"
      ]
    },
    {
      "id": 3,
      "type": "Wav2Lip",
      "pos": [
        332,
        254
      ],
      "size": {
        "0": 315,
        "1": 174
      },
      "flags": {},
      "order": 3,
      "mode": 0,
      "inputs": [
        {
          "name": "images",
          "type": "IMAGE",
          "link": 8
        },
        {
          "name": "audio",
          "type": "VHS_AUDIO",
          "link": 7
        }
      ],
      "outputs": [
        {
          "name": "images",
          "type": "IMAGE",
          "links": [
            3
          ],
          "shape": 3,
          "slot_index": 0
        },
        {
          "name": "audio",
          "type": "VHS_AUDIO",
          "links": [
            6
          ],
          "shape": 3,
          "slot_index": 1
        }
      ],
      "properties": {
        "Node name for S&R": "Wav2Lip"
      },
      "widgets_values": [
        "sequential",
        8,
        25,
        1,
        0.5
      ]
    },
    {
      "id": 12,
      "type": "VHS_LoadVideo",
      "pos": [
        31,
        116
      ],
      "size": [
        235.1999969482422,
        491.1999969482422
      ],
      "flags": {},
      "order": 1,
      "mode": 0,
      "inputs": [
        {
          "name": "meta_batch",
          "type": "VHS_BatchManager",
          "link": null
        }
      ],
      "outputs": [
        {
          "name": "IMAGE",
          "type": "IMAGE",
          "links": [
            8
          ],
          "shape": 3,
          "slot_index": 0
        },
        {
          "name": "frame_count",
          "type": "INT",
          "links": null,
          "shape": 3
        },
        {
          "name": "audio",
          "type": "VHS_AUDIO",
          "links": null,
          "shape": 3
        },
        {
          "name": "video_info",
          "type": "VHS_VIDEOINFO",
          "links": null,
          "shape": 3
        }
      ],
      "properties": {
        "Node name for S&R": "VHS_LoadVideo"
      },
      "widgets_values": {
        "video": "1.mp4",
        "force_rate": 0,
        "force_size": "Disabled",
        "custom_width": 512,
        "custom_height": 512,
        "frame_load_cap": 0,
        "skip_first_frames": 0,
        "select_every_nth": 1,
        "choose video to upload": "image",
        "videopreview": {
          "hidden": false,
          "paused": false,
          "params": {
            "frame_load_cap": 0,
            "skip_first_frames": 0,
            "force_rate": 0,
            "select_every_nth": 1,
            "filename": "1.mp4",
            "type": "input",
            "format": "video/mp4"
          }
        }
      }
    },
    {
      "id": 11,
      "type": "VHS_LoadAudio",
      "pos": [
        360,
        69
      ],
      "size": {
        "0": 315,
        "1": 82
      },
      "flags": {},
      "order": 2,
      "mode": 0,
      "outputs": [
        {
          "name": "audio",
          "type": "VHS_AUDIO",
          "links": [
            7
          ],
          "shape": 3,
          "slot_index": 0
        }
      ],
      "properties": {
        "Node name for S&R": "VHS_LoadAudio"
      },
      "widgets_values": {
        "audio_file": "/kaggle/input/wav2lip-audio/1.wav",
        "seek_seconds": 0
      }
    },
    {
      "id": 6,
      "type": "VHS_VideoCombine",
      "pos": [
        702,
        104
      ],
      "size": [
        315,
        579
      ],
      "flags": {},
      "order": 5,
      "mode": 0,
      "inputs": [
        {
          "name": "images",
          "type": "IMAGE",
          "link": 4
        },
        {
          "name": "audio",
          "type": "VHS_AUDIO",
          "link": 6
        }
      ],
      "outputs": [
        {
          "name": "Filenames",
          "type": "VHS_FILENAMES",
          "links": null,
          "shape": 3
        }
      ],
      "properties": {
        "Node name for S&R": "VHS_VideoCombine"
      },
      "widgets_values": {
        "frame_rate": 25,
        "loop_count": 0,
        "filename_prefix": "AnimateDiff",
        "format": "video/h264-mp4",
        "pix_fmt": "yuv420p",
        "crf": 19,
        "save_metadata": true,
        "pingpong": false,
        "save_output": true,
        "videopreview": {
          "hidden": false,
          "paused": false,
          "params": {
            "filename": "AnimateDiff_00001-audio.mp4",
            "subfolder": "",
            "type": "output",
            "format": "video/h264-mp4"
          }
        }
      }
    }
  ],
  "links": [
    [
      3,
      3,
      0,
      4,
      1,
      "IMAGE"
    ],
    [
      4,
      4,
      0,
      6,
      0,
      "IMAGE"
    ],
    [
      5,
      5,
      0,
      4,
      0,
      "FACERESTORE_MODEL"
    ],
    [
      6,
      3,
      1,
      6,
      1,
      "VHS_AUDIO"
    ],
    [
      7,
      11,
      0,
      3,
      1,
      "VHS_AUDIO"
    ],
    [
      8,
      12,
      0,
      3,
      0,
      "IMAGE"
    ]
  ],
  "groups": [],
  "config": {},
  "extra": {
    "ds": {
      "scale": 0.9090909090909091,
      "offset": [
        213.56323356576948,
        -108.99173553719015
      ]
    }
  },
  "version": 0.4
}