{
  "last_node_id": 66,
  "last_link_id": 220,
  "nodes": [
    {
      "id": 11,
      "type": "InstantIDModelLoader",
      "pos": [
        560,
        70
      ],
      "size": {
        "0": 238.72393798828125,
        "1": 58
      },
      "flags": {},
      "order": 0,
      "mode": 0,
      "outputs": [
        {
          "name": "INSTANTID",
          "type": "INSTANTID",
          "links": [
            197
          ],
          "shape": 3,
          "slot_index": 0
        }
      ],
      "properties": {
        "Node name for S&R": "InstantIDModelLoader"
      },
      "widgets_values": [
        "ip-adapter.bin"
      ]
    },
    {
      "id": 38,
      "type": "InstantIDFaceAnalysis",
      "pos": [
        570,
        180
      ],
      "size": {
        "0": 227.09793090820312,
        "1": 58
      },
      "flags": {},
      "order": 1,
      "mode": 0,
      "outputs": [
        {
          "name": "FACEANALYSIS",
          "type": "FACEANALYSIS",
          "links": [
            198
          ],
          "shape": 3,
          "slot_index": 0
        }
      ],
      "properties": {
        "Node name for S&R": "InstantIDFaceAnalysis"
      },
      "widgets_values": [
        "CPU"
      ]
    },
    {
      "id": 16,
      "type": "ControlNetLoader",
      "pos": [
        560,
        290
      ],
      "size": {
        "0": 250.07241821289062,
        "1": 58
      },
      "flags": {},
      "order": 2,
      "mode": 0,
      "outputs": [
        {
          "name": "CONTROL_NET",
          "type": "CONTROL_NET",
          "links": [
            199
          ],
          "shape": 3,
          "slot_index": 0
        }
      ],
      "properties": {
        "Node name for S&R": "ControlNetLoader"
      },
      "widgets_values": [
        "instantid/diffusion_pytorch_model.safetensors"
      ]
    },
    {
      "id": 15,
      "type": "PreviewImage",
      "pos": [
        1670,
        300
      ],
      "size": {
        "0": 584.0855712890625,
        "1": 610.4592895507812
      },
      "flags": {},
      "order": 11,
      "mode": 0,
      "inputs": [
        {
          "name": "images",
          "type": "IMAGE",
          "link": 19
        }
      ],
      "properties": {
        "Node name for S&R": "PreviewImage"
      }
    },
    {
      "id": 5,
      "type": "EmptyLatentImage",
      "pos": [
        910,
        540
      ],
      "size": {
        "0": 315,
        "1": 106
      },
      "flags": {},
      "order": 3,
      "mode": 0,
      "outputs": [
        {
          "name": "LATENT",
          "type": "LATENT",
          "links": [
            2
          ],
          "slot_index": 0
        }
      ],
      "properties": {
        "Node name for S&R": "EmptyLatentImage"
      },
      "widgets_values": [
        1016,
        1016,
        1
      ]
    },
    {
      "id": 8,
      "type": "VAEDecode",
      "pos": [
        1670,
        210
      ],
      "size": {
        "0": 210,
        "1": 46
      },
      "flags": {},
      "order": 10,
      "mode": 0,
      "inputs": [
        {
          "name": "samples",
          "type": "LATENT",
          "link": 7
        },
        {
          "name": "vae",
          "type": "VAE",
          "link": 8
        }
      ],
      "outputs": [
        {
          "name": "IMAGE",
          "type": "IMAGE",
          "links": [
            19
          ],
          "slot_index": 0
        }
      ],
      "properties": {
        "Node name for S&R": "VAEDecode"
      }
    },
    {
      "id": 60,
      "type": "ApplyInstantID",
      "pos": [
        910,
        210
      ],
      "size": {
        "0": 315,
        "1": 266
      },
      "flags": {},
      "order": 8,
      "mode": 0,
      "inputs": [
        {
          "name": "instantid",
          "type": "INSTANTID",
          "link": 197
        },
        {
          "name": "insightface",
          "type": "FACEANALYSIS",
          "link": 198
        },
        {
          "name": "control_net",
          "type": "CONTROL_NET",
          "link": 199
        },
        {
          "name": "image",
          "type": "IMAGE",
          "link": 214
        },
        {
          "name": "model",
          "type": "MODEL",
          "link": 206
        },
        {
          "name": "positive",
          "type": "CONDITIONING",
          "link": 203
        },
        {
          "name": "negative",
          "type": "CONDITIONING",
          "link": 204
        },
        {
          "name": "image_kps",
          "type": "IMAGE",
          "link": null
        },
        {
          "name": "mask",
          "type": "MASK",
          "link": null
        }
      ],
      "outputs": [
        {
          "name": "MODEL",
          "type": "MODEL",
          "links": [
            220
          ],
          "shape": 3,
          "slot_index": 0
        },
        {
          "name": "POSITIVE",
          "type": "CONDITIONING",
          "links": [
            200
          ],
          "shape": 3,
          "slot_index": 1
        },
        {
          "name": "NEGATIVE",
          "type": "CONDITIONING",
          "links": [
            201
          ],
          "shape": 3,
          "slot_index": 2
        }
      ],
      "properties": {
        "Node name for S&R": "ApplyInstantID"
      },
      "widgets_values": [
        0.8,
        0,
        1
      ]
    },
    {
      "id": 39,
      "type": "CLIPTextEncode",
      "pos": [
        520,
        430
      ],
      "size": {
        "0": 291.9967346191406,
        "1": 128.62518310546875
      },
      "flags": {},
      "order": 6,
      "mode": 0,
      "inputs": [
        {
          "name": "clip",
          "type": "CLIP",
          "link": 122
        }
      ],
      "outputs": [
        {
          "name": "CONDITIONING",
          "type": "CONDITIONING",
          "links": [
            203
          ],
          "shape": 3,
          "slot_index": 0
        }
      ],
      "properties": {
        "Node name for S&R": "CLIPTextEncode"
      },
      "widgets_values": [
        "comic character. graphic illustration, comic art, graphic novel art, vibrant, highly detailed"
      ]
    },
    {
      "id": 40,
      "type": "CLIPTextEncode",
      "pos": [
        520,
        620
      ],
      "size": {
        "0": 286.3603515625,
        "1": 112.35245513916016
      },
      "flags": {},
      "order": 7,
      "mode": 0,
      "inputs": [
        {
          "name": "clip",
          "type": "CLIP",
          "link": 123
        }
      ],
      "outputs": [
        {
          "name": "CONDITIONING",
          "type": "CONDITIONING",
          "links": [
            204
          ],
          "shape": 3,
          "slot_index": 0
        }
      ],
      "properties": {
        "Node name for S&R": "CLIPTextEncode"
      },
      "widgets_values": [
        "photograph, deformed, glitch, noisy, realistic, stock photo"
      ]
    },
    {
      "id": 4,
      "type": "CheckpointLoaderSimple",
      "pos": [
        70,
        520
      ],
      "size": {
        "0": 315,
        "1": 98
      },
      "flags": {},
      "order": 4,
      "mode": 0,
      "outputs": [
        {
          "name": "MODEL",
          "type": "MODEL",
          "links": [
            206
          ],
          "slot_index": 0
        },
        {
          "name": "CLIP",
          "type": "CLIP",
          "links": [
            122,
            123
          ],
          "slot_index": 1
        },
        {
          "name": "VAE",
          "type": "VAE",
          "links": [
            8
          ],
          "slot_index": 2
        }
      ],
      "properties": {
        "Node name for S&R": "CheckpointLoaderSimple"
      },
      "widgets_values": [
        "sdxl/AlbedoBaseXL.safetensors"
      ]
    },
    {
      "id": 3,
      "type": "KSampler",
      "pos": [
        1300,
        210
      ],
      "size": {
        "0": 315,
        "1": 262
      },
      "flags": {},
      "order": 9,
      "mode": 0,
      "inputs": [
        {
          "name": "model",
          "type": "MODEL",
          "link": 220
        },
        {
          "name": "positive",
          "type": "CONDITIONING",
          "link": 200
        },
        {
          "name": "negative",
          "type": "CONDITIONING",
          "link": 201
        },
        {
          "name": "latent_image",
          "type": "LATENT",
          "link": 2
        }
      ],
      "outputs": [
        {
          "name": "LATENT",
          "type": "LATENT",
          "links": [
            7
          ],
          "slot_index": 0
        }
      ],
      "properties": {
        "Node name for S&R": "KSampler"
      },
      "widgets_values": [
        1631591050,
        "fixed",
        30,
        4.5,
        "ddpm",
        "karras",
        1
      ]
    },
    {
      "id": 13,
      "type": "LoadImage",
      "pos": [
        290,
        70
      ],
      "size": {
        "0": 210,
        "1": 314
      },
      "flags": {},
      "order": 5,
      "mode": 0,
      "outputs": [
        {
          "name": "IMAGE",
          "type": "IMAGE",
          "links": [
            214
          ],
          "shape": 3,
          "slot_index": 0
        },
        {
          "name": "MASK",
          "type": "MASK",
          "links": null,
          "shape": 3
        }
      ],
      "properties": {
        "Node name for S&R": "LoadImage"
      },
      "widgets_values": [
        "joseph-gonzalez-iFgRcqHznqg-unsplash.jpg",
        "image"
      ]
    }
  ],
  "links": [
    [
      2,
      5,
      0,
      3,
      3,
      "LATENT"
    ],
    [
      7,
      3,
      0,
      8,
      0,
      "LATENT"
    ],
    [
      8,
      4,
      2,
      8,
      1,
      "VAE"
    ],
    [
      19,
      8,
      0,
      15,
      0,
      "IMAGE"
    ],
    [
      122,
      4,
      1,
      39,
      0,
      "CLIP"
    ],
    [
      123,
      4,
      1,
      40,
      0,
      "CLIP"
    ],
    [
      197,
      11,
      0,
      60,
      0,
      "INSTANTID"
    ],
    [
      198,
      38,
      0,
      60,
      1,
      "FACEANALYSIS"
    ],
    [
      199,
      16,
      0,
      60,
      2,
      "CONTROL_NET"
    ],
    [
      200,
      60,
      1,
      3,
      1,
      "CONDITIONING"
    ],
    [
      201,
      60,
      2,
      3,
      2,
      "CONDITIONING"
    ],
    [
      203,
      39,
      0,
      60,
      5,
      "CONDITIONING"
    ],
    [
      204,
      40,
      0,
      60,
      6,
      "CONDITIONING"
    ],
    [
      206,
      4,
      0,
      60,
      4,
      "MODEL"
    ],
    [
      214,
      13,
      0,
      60,
      3,
      "IMAGE"
    ],
    [
      220,
      60,
      0,
      3,
      0,
      "MODEL"
    ]
  ],
  "groups": [],
  "config": {},
  "extra": {},
  "version": 0.4
}