{"last_node_id":15,"last_link_id":7,"nodes":[{"id":9,"type":"GroundingDinoModelLoader (segment anything)","pos":[458,1732],"size":{"0":315,"1":58},"flags":{},"order":0,"mode":4,"outputs":[{"name":"GROUNDING_DINO_MODEL","type":"GROUNDING_DINO_MODEL","links":[6],"shape":3,"slot_index":0}],"properties":{"Node name for S&R":"GroundingDinoModelLoader (segment anything)"},"widgets_values":["GroundingDINO_SwinT_OGC (694MB)"]},{"id":11,"type":"SAMModelLoader (segment anything)","pos":[474,1598],"size":{"0":315,"1":58},"flags":{},"order":1,"mode":4,"outputs":[{"name":"SAM_MODEL","type":"SAM_MODEL","links":[7],"shape":3}],"properties":{"Node name for S&R":"SAMModelLoader (segment anything)"},"widgets_values":["sam_hq_vit_h (2.57GB)"]},{"id":10,"type":"GroundingDinoSAMSegment (segment anything)","pos":[875,1639],"size":{"0":330,"1":122},"flags":{},"order":9,"mode":4,"inputs":[{"name":"sam_model","type":"SAM_MODEL","link":7,"slot_index":0},{"name":"grounding_dino_model","type":"GROUNDING_DINO_MODEL","link":6},{"name":"image","type":"IMAGE","link":null}],"outputs":[{"name":"IMAGE","type":"IMAGE","links":null,"shape":3},{"name":"MASK","type":"MASK","links":null,"shape":3,"slot_index":1}],"properties":{"Node name for S&R":"GroundingDinoSAMSegment (segment anything)"},"widgets_values":["tshirt",0.3]},{"id":12,"type":"Note","pos":[411,1888],"size":[246.57054456637172,95.48408664002432],"flags":{},"order":2,"mode":0,"properties":{"text":""},"widgets_values":["If you want to use automatic masking, connect the mask from the GroundingDinoSAMSegment node output to the Wrapper"],"color":"#432","bgcolor":"#653"},{"id":13,"type":"Note","pos":[486,1285],"size":{"0":311.87054443359375,"1":108.88408660888672},"flags":{"collapsed":false},"order":3,"mode":0,"properties":{"text":""},"widgets_values":["Import garment image here."],"color":"#432","bgcolor":"#653"},{"id":14,"type":"Note","pos":[875,930],"size":[301.26906793000785,140.8996110036603],"flags":{},"order":4,"mode":0,"properties":{"text":""},"widgets_values":["- Keep Mask Grow low-ish\n- Mixed precision fp16 is faster and a good middle ground, fp32 is more precise but slower\n- Steps 40+\n- CFG 2.5-3 are the better values, the higher it is the closer to the garment the generation will be."],"color":"#432","bgcolor":"#653"},{"id":2,"type":"CatVTONWrapper","pos":[864.0606885078128,664.0605816962893],"size":{"0":315,"1":218},"flags":{},"order":11,"mode":0,"inputs":[{"name":"image","type":"IMAGE","link":1},{"name":"mask","type":"MASK","link":3},{"name":"refer_image","type":"IMAGE","link":2}],"outputs":[{"name":"image","type":"IMAGE","links":[4],"shape":3,"slot_index":0}],"properties":{"Node name for S&R":"CatVTONWrapper"},"widgets_values":[25,"fp16",1874612665380,"randomize",50,2.5]},{"id":5,"type":"PreviewImage","pos":[1229,565],"size":{"0":524.3834838867188,"1":707.3837890625},"flags":{},"order":12,"mode":0,"inputs":[{"name":"images","type":"IMAGE","link":4}],"title":"VTON Result","properties":{"Node name for S&R":"PreviewImage"}},{"id":6,"type":"PreviewImage","pos":[1784,567],"size":{"0":483.8835144042969,"1":698.6837768554688},"flags":{},"order":10,"mode":0,"inputs":[{"name":"images","type":"IMAGE","link":5}],"title":"Original Garment Reference","properties":{"Node name for S&R":"PreviewImage"}},{"id":4,"type":"LoadImage","pos":[484,914],"size":{"0":315,"1":314},"flags":{},"order":5,"mode":0,"outputs":[{"name":"IMAGE","type":"IMAGE","links":[2,5],"shape":3,"slot_index":0},{"name":"MASK","type":"MASK","links":null,"shape":3}],"title":"Load Garment Here","properties":{"Node name for S&R":"LoadImage"},"widgets_values":["06085330500-e1.jpg","image"]},{"id":3,"type":"LoadImage","pos":[492,548],"size":[315,314],"flags":{},"order":6,"mode":0,"outputs":[{"name":"IMAGE","type":"IMAGE","links":[1],"shape":3,"slot_index":0},{"name":"MASK","type":"MASK","links":[3],"shape":3,"slot_index":1}],"title":"Load Person and Mask the area here","properties":{"Node name for S&R":"LoadImage"},"widgets_values":["clipspace/clipspace-mask-267162.png [input]","image"]},{"id":8,"type":"Note","pos":[495,383],"size":[311.8705445663718,108.8840866400243],"flags":{"collapsed":false},"order":7,"mode":0,"properties":{"text":""},"widgets_values":["Import person image here, and then either:\n- create a mask in the mask editor (right click - open in mask editor) around the area where the garment should appear, or\n- use the provided segment anything group"],"color":"#432","bgcolor":"#653"},{"id":15,"type":"Note","pos":[49,272],"size":[324.35088611182584,572.0632473672964],"flags":{"collapsed":false},"order":8,"mode":0,"properties":{"text":""},"widgets_values":["Workflow for this video tutorial: https://youtu.be/qioGd7x_MGU\n\nGitHub (ComfyUI wrapper): https://github.com/chflame163/ComfyUI_CatVTON_Wrapper\nGitHub (base implementation): https://github.com/Zheng-Chong/CatVTON\nPaper: https://arxiv.org/pdf/2407.15886\n\nInstall guide:\n- go to your ComfyUI/custom_nodes folder\n- open in terminal\n- paste the following command: git clone https://github.com/chflame163/ComfyUI_CatVTON_Wrapper.git\n- go to your ComfyUI/custom_nodes/ComfyUI_CatVTON_Wrapper folder and open in terminal, or type \"cd ComfyUI_CatVTON_Wrapper\" after git cloning\n- type \"pip install -r requirements.txt\"\n- if errors appears, try either \"pip install -r requirements.txt --user\" or force install the required versions for the dependencies errors\n- get all the models from the GitHub page, or from my HuggingFace repo here: https://huggingface.co/risunobushi/catvton_model_lib/tree/main\n- place them in ComfyUI/models/CatVTON (if you don't have that folder, create a new one and rename it CatVTON)\n"],"color":"#432","bgcolor":"#653"}],"links":[[1,3,0,2,0,"IMAGE"],[2,4,0,2,2,"IMAGE"],[3,3,1,2,1,"MASK"],[4,2,0,5,0,"IMAGE"],[5,4,0,6,0,"IMAGE"],[6,9,0,10,1,"GROUNDING_DINO_MODEL"],[7,11,0,10,0,"SAM_MODEL"]],"groups":[{"title":"Segment Anything (Optional)","bounding":[411,1434,887,410],"color":"#3f789e","font_size":24,"locked":false},{"title":"CatVTON","bounding":[409,235,1920,1181],"color":"#3f789e","font_size":24,"locked":false}],"config":{},"extra":{"ds":{"scale":0.6830134553650705,"offset":[752.1890138881744,-126.88934736729644]}},"version":0.4}