{
  "last_node_id": 88,
  "last_link_id": 124,
  "nodes": [
    {
      "id": 73,
      "type": "ReActorRestoreFace",
      "pos": [
        2164,
        504
      ],
      "size": {
        "0": 315,
        "1": 130
      },
      "flags": {},
      "order": 3,
      "mode": 0,
      "inputs": [
        {
          "name": "image",
          "type": "IMAGE",
          "link": 122
        }
      ],
      "outputs": [
        {
          "name": "IMAGE",
          "type": "IMAGE",
          "links": [
            119
          ],
          "slot_index": 0,
          "shape": 3
        }
      ],
      "properties": {
        "Node name for S&R": "ReActorRestoreFace"
      },
      "widgets_values": [
        "retinaface_resnet50",
        "GFPGANv1.4.pth",
        1,
        0.5
      ]
    },
    {
      "id": 82,
      "type": "Wav2Lip",
      "pos": [
        2162,
        136
      ],
      "size": {
        "0": 315,
        "1": 102
      },
      "flags": {},
      "order": 2,
      "mode": 0,
      "inputs": [
        {
          "name": "images",
          "type": "IMAGE",
          "link": 116
        },
        {
          "name": "audio",
          "type": "VHS_AUDIO",
          "link": 124,
          "slot_index": 1
        }
      ],
      "outputs": [
        {
          "name": "images",
          "type": "IMAGE",
          "links": [
            122
          ],
          "slot_index": 0,
          "shape": 3
        },
        {
          "name": "audio",
          "type": "VHS_AUDIO",
          "links": null,
          "shape": 3
        }
      ],
      "properties": {
        "Node name for S&R": "Wav2Lip"
      },
      "widgets_values": [
        "sequential",
        8
      ],
      "color": "#432",
      "bgcolor": "#653"
    },
    {
      "id": 71,
      "type": "VHS_LoadVideo",
      "pos": [
        1823,
        138
      ],
      "size": [
        270.1314697265625,
        416.6989517211914
      ],
      "flags": {},
      "order": 0,
      "mode": 0,
      "inputs": [
        {
          "name": "meta_batch",
          "type": "VHS_BatchManager",
          "link": null
        },
        {
          "name": "vae",
          "type": "VAE",
          "link": null
        }
      ],
      "outputs": [
        {
          "name": "IMAGE",
          "type": "IMAGE",
          "links": [
            116
          ],
          "slot_index": 0,
          "shape": 3
        },
        {
          "name": "frame_count",
          "type": "INT",
          "links": null,
          "shape": 3
        },
        {
          "name": "audio",
          "type": "VHS_AUDIO",
          "links": [],
          "slot_index": 2,
          "shape": 3
        },
        {
          "name": "video_info",
          "type": "VHS_VIDEOINFO",
          "links": null,
          "shape": 3
        }
      ],
      "properties": {
        "Node name for S&R": "VHS_LoadVideo"
      },
      "widgets_values": {
        "video": "3763032-uhd_3840_2160_25fps.mp4",
        "force_rate": 0,
        "force_size": "512x?",
        "custom_width": 512,
        "custom_height": 512,
        "frame_load_cap": 0,
        "skip_first_frames": 0,
        "select_every_nth": 1,
        "choose video to upload": "image",
        "videopreview": {
          "hidden": false,
          "paused": false,
          "params": {
            "frame_load_cap": 0,
            "skip_first_frames": 0,
            "force_rate": 0,
            "filename": "3763032-uhd_3840_2160_25fps.mp4",
            "type": "input",
            "format": "video/mp4",
            "select_every_nth": 1,
            "force_size": "512x?"
          }
        }
      }
    },
    {
      "id": 88,
      "type": "AudioPath",
      "pos": [
        2157,
        333
      ],
      "size": {
        "0": 315,
        "1": 102
      },
      "flags": {
        "collapsed": false
      },
      "order": 1,
      "mode": 0,
      "outputs": [
        {
          "name": "audio_path",
          "type": "Audio_Path",
          "links": null,
          "shape": 3
        },
        {
          "name": "audio",
          "type": "VHS_AUDIO",
          "links": [
            124
          ],
          "shape": 3,
          "slot_index": 1
        }
      ],
      "properties": {
        "Node name for S&R": "AudioPath"
      },
      "widgets_values": [
        "/kaggle/input/audioforwav/1.wav",
        0
      ],
      "color": "#432",
      "bgcolor": "#653"
    },
    {
      "id": 72,
      "type": "VHS_VideoCombine",
      "pos": [
        2558,
        120
      ],
      "size": [
        284.5054626464844,
        310
      ],
      "flags": {},
      "order": 4,
      "mode": 0,
      "inputs": [
        {
          "name": "images",
          "type": "IMAGE",
          "link": 119
        },
        {
          "name": "audio",
          "type": "VHS_AUDIO",
          "link": null,
          "slot_index": 1
        },
        {
          "name": "meta_batch",
          "type": "VHS_BatchManager",
          "link": null
        },
        {
          "name": "vae",
          "type": "VAE",
          "link": null
        }
      ],
      "outputs": [
        {
          "name": "Filenames",
          "type": "VHS_FILENAMES",
          "links": null,
          "shape": 3
        }
      ],
      "properties": {
        "Node name for S&R": "VHS_VideoCombine"
      },
      "widgets_values": {
        "frame_rate": 30,
        "loop_count": 0,
        "filename_prefix": "Kling",
        "format": "video/h264-mp4",
        "pix_fmt": "yuv420p",
        "crf": 19,
        "save_metadata": true,
        "pingpong": false,
        "save_output": true,
        "videopreview": {
          "hidden": false,
          "paused": false,
          "params": {
            "filename": "Kling_00030-audio.mp4",
            "subfolder": "",
            "type": "output",
            "format": "video/h264-mp4"
          }
        }
      }
    }
  ],
  "links": [
    [
      116,
      71,
      0,
      82,
      0,
      "IMAGE"
    ],
    [
      119,
      73,
      0,
      72,
      0,
      "IMAGE"
    ],
    [
      122,
      82,
      0,
      73,
      0,
      "IMAGE"
    ],
    [
      124,
      88,
      1,
      82,
      1,
      "VHS_AUDIO"
    ]
  ],
  "groups": [],
  "config": {},
  "extra": {
    "ds": {
      "scale": 0.8264462809917354,
      "offset": {
        "0": -1522.541015625,
        "1": 42.003578186035156
      }
    },
    "info": {
      "name": "workflow",
      "author": "",
      "description": "",
      "version": "1",
      "created": "2024-07-25T16:52:34.210Z",
      "modified": "2024-07-27T10:39:41.006Z",
      "software": "ComfyUI"
    }
  },
  "version": 0.4
}