{
  "last_node_id": 100,
  "last_link_id": 217,
  "nodes": [
    {
      "id": 38,
      "type": "CLIPLoader",
      "pos": [
        -950,
        160
      ],
      "size": [
        315,
        82
      ],
      "flags": {},
      "order": 0,
      "mode": 0,
      "inputs": [],
      "outputs": [
        {
          "name": "CLIP",
          "type": "CLIP",
          "links": [
            74,
            75
          ],
          "slot_index": 0
        }
      ],
      "properties": {
        "Node name for S&R": "CLIPLoader"
      },
      "widgets_values": [
        "t5xxl_fp16.safetensors",
        "ltxv"
      ]
    },
    {
      "id": 69,
      "type": "LTXVConditioning",
      "pos": [
        300,
        160
      ],
      "size": [
        223.8660125732422,
        78
      ],
      "flags": {},
      "order": 11,
      "mode": 0,
      "inputs": [
        {
          "name": "positive",
          "type": "CONDITIONING",
          "link": 208
        },
        {
          "name": "negative",
          "type": "CONDITIONING",
          "link": 209
        }
      ],
      "outputs": [
        {
          "name": "positive",
          "type": "CONDITIONING",
          "links": [
            166
          ],
          "slot_index": 0
        },
        {
          "name": "negative",
          "type": "CONDITIONING",
          "links": [
            167
          ],
          "slot_index": 1
        }
      ],
      "properties": {
        "Node name for S&R": "LTXVConditioning"
      },
      "widgets_values": [
        24
      ]
    },
    {
      "id": 8,
      "type": "VAEDecode",
      "pos": [
        920,
        30
      ],
      "size": [
        232.89111328125,
        46
      ],
      "flags": {},
      "order": 14,
      "mode": 0,
      "inputs": [
        {
          "name": "samples",
          "type": "LATENT",
          "link": 171
        },
        {
          "name": "vae",
          "type": "VAE",
          "link": 87
        }
      ],
      "outputs": [
        {
          "name": "IMAGE",
          "type": "IMAGE",
          "links": [
            183
          ],
          "slot_index": 0
        }
      ],
      "properties": {
        "Node name for S&R": "VAEDecode"
      },
      "widgets_values": []
    },
    {
      "id": 77,
      "type": "VHS_VideoCombine",
      "pos": [
        1210,
        30
      ],
      "size": [
        680.959228515625,
        760.6394653320312
      ],
      "flags": {},
      "order": 15,
      "mode": 0,
      "inputs": [
        {
          "name": "images",
          "type": "IMAGE",
          "link": 183
        },
        {
          "name": "audio",
          "type": "AUDIO",
          "link": null,
          "shape": 7
        },
        {
          "name": "meta_batch",
          "type": "VHS_BatchManager",
          "link": null,
          "shape": 7
        },
        {
          "name": "vae",
          "type": "VAE",
          "link": null,
          "shape": 7
        },
        {
          "name": "filename_prefix",
          "type": "STRING",
          "link": 184,
          "widget": {
            "name": "filename_prefix"
          }
        }
      ],
      "outputs": [
        {
          "name": "Filenames",
          "type": "VHS_FILENAMES",
          "links": null
        }
      ],
      "properties": {
        "Node name for S&R": "VHS_VideoCombine"
      },
      "widgets_values": {
        "frame_rate": 24,
        "loop_count": 0,
        "filename_prefix": "AnimateDiff",
        "format": "video/h264-mp4",
        "pix_fmt": "yuv420p",
        "crf": 19,
        "save_metadata": true,
        "pingpong": false,
        "save_output": true,
        "videopreview": {
          "hidden": false,
          "paused": false,
          "params": {
            "filename": "LTXV_00001.mp4",
            "subfolder": "Xoda\\LTXV-testing\\img2video",
            "type": "output",
            "format": "video/h264-mp4",
            "frame_rate": 24
          },
          "muted": false
        }
      }
    },
    {
      "id": 79,
      "type": "PrimitiveNode",
      "pos": [
        -960,
        -130
      ],
      "size": [
        310.79998779296875,
        58
      ],
      "flags": {},
      "order": 1,
      "mode": 0,
      "inputs": [],
      "outputs": [
        {
          "name": "STRING",
          "type": "STRING",
          "links": [
            185
          ],
          "slot_index": 0,
          "widget": {
            "name": "project_name"
          }
        }
      ],
      "title": "Project Title (creates sub-directory)",
      "properties": {
        "Run widget replace on values": false
      },
      "widgets_values": [
        "LTXV-testing"
      ],
      "color": "#432",
      "bgcolor": "#653"
    },
    {
      "id": 81,
      "type": "ZenkaiPromptV2",
      "pos": [
        -950,
        300
      ],
      "size": [
        309.59478759765625,
        179.35130310058594
      ],
      "flags": {},
      "order": 2,
      "mode": 0,
      "inputs": [],
      "outputs": [
        {
          "name": "STRING",
          "type": "STRING",
          "links": [],
          "slot_index": 0
        }
      ],
      "properties": {
        "Node name for S&R": "ZenkaiPromptV2"
      },
      "widgets_values": [
        "abstractChaosFlux-captions.txt",
        4254818609,
        "randomize",
        1,
        "",
        ""
      ],
      "color": "#232",
      "bgcolor": "#353"
    },
    {
      "id": 71,
      "type": "LTXVScheduler",
      "pos": [
        310,
        290
      ],
      "size": [
        210,
        154
      ],
      "flags": {},
      "order": 12,
      "mode": 0,
      "inputs": [
        {
          "name": "latent",
          "type": "LATENT",
          "link": 210,
          "shape": 7
        }
      ],
      "outputs": [
        {
          "name": "SIGMAS",
          "type": "SIGMAS",
          "links": [
            182
          ],
          "slot_index": 0
        }
      ],
      "properties": {
        "Node name for S&R": "LTXVScheduler"
      },
      "widgets_values": [
        30,
        2.05,
        0.95,
        true,
        0.1
      ]
    },
    {
      "id": 73,
      "type": "KSamplerSelect",
      "pos": [
        310,
        490
      ],
      "size": [
        210,
        62.90523910522461
      ],
      "flags": {},
      "order": 3,
      "mode": 0,
      "inputs": [],
      "outputs": [
        {
          "name": "SAMPLER",
          "type": "SAMPLER",
          "links": [
            172
          ]
        }
      ],
      "properties": {
        "Node name for S&R": "KSamplerSelect"
      },
      "widgets_values": [
        "euler"
      ]
    },
    {
      "id": 7,
      "type": "CLIPTextEncode",
      "pos": [
        -550,
        360
      ],
      "size": [
        425.27801513671875,
        180.6060791015625
      ],
      "flags": {},
      "order": 8,
      "mode": 0,
      "inputs": [
        {
          "name": "clip",
          "type": "CLIP",
          "link": 75
        }
      ],
      "outputs": [
        {
          "name": "CONDITIONING",
          "type": "CONDITIONING",
          "links": [
            213
          ],
          "slot_index": 0
        }
      ],
      "title": "CLIP Text Encode (Negative Prompt)",
      "properties": {
        "Node name for S&R": "CLIPTextEncode"
      },
      "widgets_values": [
        "low quality, worst quality, deformed, distorted, disfigured, motion smear, motion artifacts, fused fingers, bad anatomy, weird hand, ugly",
        true
      ],
      "color": "#322",
      "bgcolor": "#533"
    },
    {
      "id": 44,
      "type": "CheckpointLoaderSimple",
      "pos": [
        -960,
        0
      ],
      "size": [
        315,
        98
      ],
      "flags": {},
      "order": 4,
      "mode": 0,
      "inputs": [],
      "outputs": [
        {
          "name": "MODEL",
          "type": "MODEL",
          "links": [
            181
          ],
          "slot_index": 0
        },
        {
          "name": "CLIP",
          "type": "CLIP",
          "links": null
        },
        {
          "name": "VAE",
          "type": "VAE",
          "links": [
            87,
            214
          ],
          "slot_index": 2
        }
      ],
      "properties": {
        "Node name for S&R": "CheckpointLoaderSimple"
      },
      "widgets_values": [
        "ltx-video-2b-v0.9.safetensors"
      ]
    },
    {
      "id": 100,
      "type": "LoadImage",
      "pos": [
        -541.3120727539062,
        593.4457397460938
      ],
      "size": [
        413.5334777832031,
        427.92193603515625
      ],
      "flags": {},
      "order": 5,
      "mode": 0,
      "inputs": [],
      "outputs": [
        {
          "name": "IMAGE",
          "type": "IMAGE",
          "links": [
            211
          ],
          "slot_index": 0
        },
        {
          "name": "MASK",
          "type": "MASK",
          "links": null
        }
      ],
      "properties": {
        "Node name for S&R": "LoadImage"
      },
      "widgets_values": [
        "compare_00008_ (1).png",
        "image"
      ]
    },
    {
      "id": 72,
      "type": "SamplerCustom",
      "pos": [
        600,
        20
      ],
      "size": [
        281.6214294433594,
        230
      ],
      "flags": {},
      "order": 13,
      "mode": 0,
      "inputs": [
        {
          "name": "model",
          "type": "MODEL",
          "link": 181
        },
        {
          "name": "positive",
          "type": "CONDITIONING",
          "link": 166
        },
        {
          "name": "negative",
          "type": "CONDITIONING",
          "link": 167
        },
        {
          "name": "sampler",
          "type": "SAMPLER",
          "link": 172
        },
        {
          "name": "sigmas",
          "type": "SIGMAS",
          "link": 182
        },
        {
          "name": "latent_image",
          "type": "LATENT",
          "link": 217
        }
      ],
      "outputs": [
        {
          "name": "output",
          "type": "LATENT",
          "links": [
            171
          ],
          "slot_index": 0
        },
        {
          "name": "denoised_output",
          "type": "LATENT",
          "links": null
        }
      ],
      "properties": {
        "Node name for S&R": "SamplerCustom"
      },
      "widgets_values": [
        true,
        536153069564577,
        "randomize",
        3
      ]
    },
    {
      "id": 78,
      "type": "ProjectFilePathNode",
      "pos": [
        930,
        140
      ],
      "size": [
        226.8000030517578,
        130
      ],
      "flags": {},
      "order": 9,
      "mode": 0,
      "inputs": [
        {
          "name": "project_name",
          "type": "STRING",
          "link": 185,
          "widget": {
            "name": "project_name"
          }
        }
      ],
      "outputs": [
        {
          "name": "STRING",
          "type": "STRING",
          "links": [
            184
          ],
          "slot_index": 0
        }
      ],
      "properties": {
        "Node name for S&R": "ProjectFilePathNode"
      },
      "widgets_values": [
        "Xoda",
        "LTXV-testing",
        "img2video",
        "LTXV",
        "auto"
      ]
    },
    {
      "id": 6,
      "type": "CLIPTextEncode",
      "pos": [
        -550,
        160
      ],
      "size": [
        422.84503173828125,
        164.31304931640625
      ],
      "flags": {},
      "order": 7,
      "mode": 0,
      "inputs": [
        {
          "name": "clip",
          "type": "CLIP",
          "link": 74
        }
      ],
      "outputs": [
        {
          "name": "CONDITIONING",
          "type": "CONDITIONING",
          "links": [
            212
          ],
          "slot_index": 0
        }
      ],
      "title": "CLIP Text Encode (Positive Prompt)",
      "properties": {
        "Node name for S&R": "CLIPTextEncode"
      },
      "widgets_values": [
        "best quality, 4k, HDR, a tracking shot of a floating industrial platform in the sky with a massive explosion in clouds behind it",
        true
      ],
      "color": "#232",
      "bgcolor": "#353"
    },
    {
      "id": 99,
      "type": "LTXVImgToVideo",
      "pos": [
        -50,
        160
      ],
      "size": [
        315,
        190
      ],
      "flags": {},
      "order": 10,
      "mode": 0,
      "inputs": [
        {
          "name": "positive",
          "type": "CONDITIONING",
          "link": 212
        },
        {
          "name": "negative",
          "type": "CONDITIONING",
          "link": 213
        },
        {
          "name": "vae",
          "type": "VAE",
          "link": 214
        },
        {
          "name": "image",
          "type": "IMAGE",
          "link": 211
        }
      ],
      "outputs": [
        {
          "name": "positive",
          "type": "CONDITIONING",
          "links": [
            208
          ],
          "slot_index": 0
        },
        {
          "name": "negative",
          "type": "CONDITIONING",
          "links": [
            209
          ],
          "slot_index": 1
        },
        {
          "name": "latent",
          "type": "LATENT",
          "links": [
            210,
            217
          ],
          "slot_index": 2
        }
      ],
      "properties": {
        "Node name for S&R": "LTXVImgToVideo"
      },
      "widgets_values": [
        768,
        512,
        97,
        1
      ]
    },
    {
      "id": 80,
      "type": "Note",
      "pos": [
        -1410,
        -130
      ],
      "size": [
        421.6943664550781,
        568.6727905273438
      ],
      "flags": {},
      "order": 6,
      "mode": 0,
      "inputs": [],
      "outputs": [],
      "properties": {
        "text": ""
      },
      "widgets_values": [
        "Xoda-LTXV-Video-basic-image2video-lines-v25\n\nVideo: https://www.youtube.com/@FiveBelowFiveUK\nWorkflow: https://civitai.com/models/974859\nhttps://www.fivebelowfive.uk\n\nXoda Pack v1\n\n- basic img2video\n- LTXV Video Generation\n- Video Combine (H264/mp4)\n- 768 x 512 Resolution (recommended)\n- Project Path Generator Node (DJZ-Nodes)\n- Zenkai Prompt V2 (LTXV Holo/Prompt lists)\n\nfixed generation to 24 FPS, as per Author specs\n- NAME YOUR PROJECT !!\n\n\nFrames2Secs Cheat sheet:\n24 Frames = 1 second\n49 Frames = 2 seconds\n74 Frames = 3 seconds\n98 Frames = 4 seconds\n\n\n[discord early editions]\nhttps://discord.com/invite/uubQXhwzkj \n"
      ],
      "color": "#432",
      "bgcolor": "#653"
    }
  ],
  "links": [
    [
      74,
      38,
      0,
      6,
      0,
      "CLIP"
    ],
    [
      75,
      38,
      0,
      7,
      0,
      "CLIP"
    ],
    [
      87,
      44,
      2,
      8,
      1,
      "VAE"
    ],
    [
      166,
      69,
      0,
      72,
      1,
      "CONDITIONING"
    ],
    [
      167,
      69,
      1,
      72,
      2,
      "CONDITIONING"
    ],
    [
      171,
      72,
      0,
      8,
      0,
      "LATENT"
    ],
    [
      172,
      73,
      0,
      72,
      3,
      "SAMPLER"
    ],
    [
      181,
      44,
      0,
      72,
      0,
      "MODEL"
    ],
    [
      182,
      71,
      0,
      72,
      4,
      "SIGMAS"
    ],
    [
      183,
      8,
      0,
      77,
      0,
      "IMAGE"
    ],
    [
      184,
      78,
      0,
      77,
      4,
      "STRING"
    ],
    [
      185,
      79,
      0,
      78,
      0,
      "STRING"
    ],
    [
      208,
      99,
      0,
      69,
      0,
      "CONDITIONING"
    ],
    [
      209,
      99,
      1,
      69,
      1,
      "CONDITIONING"
    ],
    [
      210,
      99,
      2,
      71,
      0,
      "LATENT"
    ],
    [
      211,
      100,
      0,
      99,
      3,
      "IMAGE"
    ],
    [
      212,
      6,
      0,
      99,
      0,
      "CONDITIONING"
    ],
    [
      213,
      7,
      0,
      99,
      1,
      "CONDITIONING"
    ],
    [
      214,
      44,
      2,
      99,
      2,
      "VAE"
    ],
    [
      217,
      99,
      2,
      72,
      5,
      "LATENT"
    ]
  ],
  "groups": [],
  "config": {},
  "extra": {
    "ds": {
      "scale": 1.3109994191500147,
      "offset": [
        1410.6854754468866,
        200.47468410700122
      ]
    }
  },
  "version": 0.4
}