{
  "last_node_id": 9,
  "last_link_id": 13,
  "nodes": [
    {
      "id": 1,
      "type": "DownloadAndLoadLivePortraitModels",
      "pos": [
        8,
        33
      ],
      "size": {
        "0": 315,
        "1": 58
      },
      "flags": {},
      "order": 0,
      "mode": 0,
      "outputs": [
        {
          "name": "live_portrait_pipe",
          "type": "LIVEPORTRAITPIPE",
          "links": [
            1
          ],
          "shape": 3,
          "slot_index": 0
        }
      ],
      "properties": {
        "Node name for S&R": "DownloadAndLoadLivePortraitModels"
      },
      "widgets_values": [
        "fp16"
      ]
    },
    {
      "id": 9,
      "type": "GetImageSizeAndCount",
      "pos": [
        823,
        61
      ],
      "size": {
        "0": 210,
        "1": 86
      },
      "flags": {},
      "order": 5,
      "mode": 0,
      "inputs": [
        {
          "name": "image",
          "type": "IMAGE",
          "link": 9,
          "slot_index": 0
        }
      ],
      "outputs": [
        {
          "name": "image",
          "type": "IMAGE",
          "links": [
            11
          ],
          "shape": 3
        },
        {
          "name": "402 width",
          "type": "INT",
          "links": null,
          "shape": 3
        },
        {
          "name": "402 height",
          "type": "INT",
          "links": null,
          "shape": 3
        },
        {
          "name": "109 count",
          "type": "INT",
          "links": null,
          "shape": 3
        }
      ],
      "properties": {
        "Node name for S&R": "GetImageSizeAndCount"
      }
    },
    {
      "id": 8,
      "type": "ImageConcatMulti",
      "pos": [
        824,
        240
      ],
      "size": {
        "0": 210,
        "1": 150
      },
      "flags": {},
      "order": 6,
      "mode": 0,
      "inputs": [
        {
          "name": "image_1",
          "type": "IMAGE",
          "link": 10,
          "slot_index": 0
        },
        {
          "name": "image_2",
          "type": "IMAGE",
          "link": 11,
          "slot_index": 1
        }
      ],
      "outputs": [
        {
          "name": "images",
          "type": "IMAGE",
          "links": [
            12
          ],
          "shape": 3,
          "slot_index": 0
        }
      ],
      "properties": {},
      "widgets_values": [
        2,
        "right",
        false,
        null
      ]
    },
    {
      "id": 4,
      "type": "LivePortraitProcess",
      "pos": [
        379,
        47
      ],
      "size": {
        "0": 367.79998779296875,
        "1": 362
      },
      "flags": {},
      "order": 3,
      "mode": 0,
      "inputs": [
        {
          "name": "pipeline",
          "type": "LIVEPORTRAITPIPE",
          "link": 1
        },
        {
          "name": "source_image",
          "type": "IMAGE",
          "link": 4
        },
        {
          "name": "driving_images",
          "type": "IMAGE",
          "link": 5,
          "slot_index": 2
        }
      ],
      "outputs": [
        {
          "name": "cropped_images",
          "type": "IMAGE",
          "links": null,
          "shape": 3
        },
        {
          "name": "full_images",
          "type": "IMAGE",
          "links": [
            8,
            9
          ],
          "shape": 3
        }
      ],
      "properties": {
        "Node name for S&R": "LivePortraitProcess"
      },
      "widgets_values": [
        512,
        2.3,
        0,
        -0.125,
        true,
        false,
        1,
        false,
        1,
        true,
        true,
        "CUDA"
      ]
    },
    {
      "id": 6,
      "type": "ImageResizeKJ",
      "pos": [
        479,
        521
      ],
      "size": {
        "0": 315,
        "1": 242
      },
      "flags": {},
      "order": 4,
      "mode": 0,
      "inputs": [
        {
          "name": "image",
          "type": "IMAGE",
          "link": 6
        },
        {
          "name": "get_image_size",
          "type": "IMAGE",
          "link": 8,
          "slot_index": 1
        },
        {
          "name": "width_input",
          "type": "INT",
          "link": null,
          "widget": {
            "name": "width_input"
          }
        },
        {
          "name": "height_input",
          "type": "INT",
          "link": null,
          "widget": {
            "name": "height_input"
          }
        }
      ],
      "outputs": [
        {
          "name": "IMAGE",
          "type": "IMAGE",
          "links": [
            10
          ],
          "shape": 3,
          "slot_index": 0
        },
        {
          "name": "width",
          "type": "INT",
          "links": null,
          "shape": 3
        },
        {
          "name": "height",
          "type": "INT",
          "links": null,
          "shape": 3
        }
      ],
      "properties": {
        "Node name for S&R": "ImageResizeKJ"
      },
      "widgets_values": [
        512,
        512,
        "nearest-exact",
        false,
        2,
        0,
        0
      ]
    },
    {
      "id": 5,
      "type": "VHS_VideoCombine",
      "pos": [
        1085,
        52
      ],
      "size": [
        315,
        472.96039603960395
      ],
      "flags": {},
      "order": 7,
      "mode": 0,
      "inputs": [
        {
          "name": "images",
          "type": "IMAGE",
          "link": 12
        },
        {
          "name": "audio",
          "type": "AUDIO",
          "link": 13,
          "slot_index": 1
        },
        {
          "name": "meta_batch",
          "type": "VHS_BatchManager",
          "link": null,
          "slot_index": 2
        },
        {
          "name": "vae",
          "type": "VAE",
          "link": null
        }
      ],
      "outputs": [
        {
          "name": "Filenames",
          "type": "VHS_FILENAMES",
          "links": null,
          "shape": 3
        }
      ],
      "properties": {
        "Node name for S&R": "VHS_VideoCombine"
      },
      "widgets_values": {
        "frame_rate": 25,
        "loop_count": 0,
        "filename_prefix": "AnimateDiff",
        "format": "video/h264-mp4",
        "pix_fmt": "yuv420p",
        "crf": 19,
        "save_metadata": true,
        "pingpong": false,
        "save_output": true,
        "videopreview": {
          "hidden": false,
          "paused": true,
          "params": {
            "filename": "AnimateDiff_00003-audio.mp4",
            "subfolder": "",
            "type": "output",
            "format": "video/h264-mp4",
            "frame_rate": 25
          }
        }
      }
    },
    {
      "id": 2,
      "type": "LoadImage",
      "pos": [
        8,
        130
      ],
      "size": {
        "0": 315,
        "1": 314
      },
      "flags": {},
      "order": 1,
      "mode": 0,
      "outputs": [
        {
          "name": "IMAGE",
          "type": "IMAGE",
          "links": [
            4
          ],
          "shape": 3,
          "slot_index": 0
        },
        {
          "name": "MASK",
          "type": "MASK",
          "links": null,
          "shape": 3
        }
      ],
      "properties": {
        "Node name for S&R": "LoadImage"
      },
      "widgets_values": [
        "2024-04-27 07_47_14.704195-617.jpg",
        "image"
      ]
    },
    {
      "id": 3,
      "type": "VHS_LoadVideo",
      "pos": [
        37,
        491
      ],
      "size": [
        235.1999969482422,
        583.4285670689173
      ],
      "flags": {},
      "order": 2,
      "mode": 0,
      "inputs": [
        {
          "name": "meta_batch",
          "type": "VHS_BatchManager",
          "link": null
        },
        {
          "name": "vae",
          "type": "VAE",
          "link": null
        }
      ],
      "outputs": [
        {
          "name": "IMAGE",
          "type": "IMAGE",
          "links": [
            5,
            6
          ],
          "shape": 3,
          "slot_index": 0
        },
        {
          "name": "frame_count",
          "type": "INT",
          "links": null,
          "shape": 3
        },
        {
          "name": "audio",
          "type": "AUDIO",
          "links": [
            13
          ],
          "shape": 3
        },
        {
          "name": "video_info",
          "type": "VHS_VIDEOINFO",
          "links": null,
          "shape": 3
        }
      ],
      "properties": {
        "Node name for S&R": "VHS_LoadVideo"
      },
      "widgets_values": {
        "video": "outputxxx_319032476-5fbab81b-d3f2-4c75-abb5-14c76e51769e_0.mp4",
        "force_rate": 0,
        "force_size": "Disabled",
        "custom_width": 512,
        "custom_height": 512,
        "frame_load_cap": 0,
        "skip_first_frames": 0,
        "select_every_nth": 1,
        "choose video to upload": "image",
        "videopreview": {
          "hidden": false,
          "paused": false,
          "params": {
            "frame_load_cap": 0,
            "skip_first_frames": 0,
            "force_rate": 0,
            "select_every_nth": 1,
            "filename": "outputxxx_319032476-5fbab81b-d3f2-4c75-abb5-14c76e51769e_0.mp4",
            "type": "input",
            "format": "video/mp4",
            "force_size": "Disabled"
          }
        }
      }
    }
  ],
  "links": [
    [
      1,
      1,
      0,
      4,
      0,
      "LIVEPORTRAITPIPE"
    ],
    [
      4,
      2,
      0,
      4,
      1,
      "IMAGE"
    ],
    [
      5,
      3,
      0,
      4,
      2,
      "IMAGE"
    ],
    [
      6,
      3,
      0,
      6,
      0,
      "IMAGE"
    ],
    [
      8,
      4,
      1,
      6,
      1,
      "IMAGE"
    ],
    [
      9,
      4,
      1,
      9,
      0,
      "IMAGE"
    ],
    [
      10,
      6,
      0,
      8,
      0,
      "IMAGE"
    ],
    [
      11,
      9,
      0,
      8,
      1,
      "IMAGE"
    ],
    [
      12,
      8,
      0,
      5,
      0,
      "IMAGE"
    ],
    [
      13,
      3,
      2,
      5,
      1,
      "AUDIO"
    ]
  ],
  "groups": [],
  "config": {},
  "extra": {
    "ds": {
      "scale": 0.6830134553650705,
      "offset": {
        "0": 387.8692104126357,
        "1": 137.51378981801037
      }
    }
  },
  "version": 0.4
}