{
  "last_node_id": 102,
  "last_link_id": 142,
  "nodes": [
    {
      "id": 91,
      "type": "Arc2FaceUNetLoader",
      "pos": [
        4756,
        1357
      ],
      "size": {
        "0": 315,
        "1": 58
      },
      "flags": {},
      "order": 0,
      "mode": 0,
      "outputs": [
        {
          "name": "ARC2FACE_UNET",
          "type": "ARC2FACE_UNET",
          "links": [
            134
          ],
          "shape": 3,
          "slot_index": 0
        }
      ],
      "properties": {
        "Node name for S&R": "Arc2FaceUNetLoader"
      },
      "widgets_values": [
        "diffusion_pytorch_model.safetensors"
      ]
    },
    {
      "id": 93,
      "type": "Arc2FaceEncoderLoader",
      "pos": [
        4760,
        1254
      ],
      "size": {
        "0": 315,
        "1": 58
      },
      "flags": {},
      "order": 1,
      "mode": 0,
      "outputs": [
        {
          "name": "ARC2FACE_ENCODER",
          "type": "ARC2FACE_ENCODER",
          "links": [
            135
          ],
          "shape": 3,
          "slot_index": 0
        }
      ],
      "properties": {
        "Node name for S&R": "Arc2FaceEncoderLoader"
      },
      "widgets_values": [
        "encoder"
      ]
    },
    {
      "id": 94,
      "type": "Arc2FaceGenerator",
      "pos": [
        5442,
        1247
      ],
      "size": {
        "0": 315,
        "1": 266
      },
      "flags": {},
      "order": 10,
      "mode": 0,
      "inputs": [
        {
          "name": "face_embedding",
          "type": "FACE_EMBEDDING",
          "link": 132
        },
        {
          "name": "unet",
          "type": "ARC2FACE_UNET",
          "link": 134
        },
        {
          "name": "encoder",
          "type": "ARC2FACE_ENCODER",
          "link": 135
        }
      ],
      "outputs": [
        {
          "name": "IMAGE",
          "type": "IMAGE",
          "links": [
            131
          ],
          "shape": 3,
          "slot_index": 0
        }
      ],
      "properties": {
        "Node name for S&R": "Arc2FaceGenerator"
      },
      "widgets_values": [
        "ugly, deformed, noisy, blurry, low contrast, split image",
        30,
        2.7,
        1,
        512,
        512,
        198,
        "randomize"
      ]
    },
    {
      "id": 96,
      "type": "PreviewImage",
      "pos": [
        5783,
        1255
      ],
      "size": {
        "0": 395.4933166503906,
        "1": 437.5884094238281
      },
      "flags": {},
      "order": 11,
      "mode": 0,
      "inputs": [
        {
          "name": "images",
          "type": "IMAGE",
          "link": 131
        }
      ],
      "properties": {
        "Node name for S&R": "PreviewImage"
      }
    },
    {
      "id": 100,
      "type": "ImageBatch",
      "pos": [
        4965,
        1654
      ],
      "size": {
        "0": 210,
        "1": 46
      },
      "flags": {},
      "order": 8,
      "mode": 0,
      "inputs": [
        {
          "name": "image1",
          "type": "IMAGE",
          "link": 139
        },
        {
          "name": "image2",
          "type": "IMAGE",
          "link": 142
        }
      ],
      "outputs": [
        {
          "name": "IMAGE",
          "type": "IMAGE",
          "links": [
            136
          ],
          "shape": 3,
          "slot_index": 0
        }
      ],
      "properties": {
        "Node name for S&R": "ImageBatch"
      }
    },
    {
      "id": 97,
      "type": "LoadImage",
      "pos": [
        4415,
        1406
      ],
      "size": [
        259.09326171875,
        314
      ],
      "flags": {},
      "order": 2,
      "mode": 0,
      "outputs": [
        {
          "name": "IMAGE",
          "type": "IMAGE",
          "links": [
            137
          ],
          "shape": 3,
          "slot_index": 0
        },
        {
          "name": "MASK",
          "type": "MASK",
          "links": null,
          "shape": 3
        }
      ],
      "properties": {
        "Node name for S&R": "LoadImage"
      },
      "widgets_values": [
        "scottd1.jpg",
        "image"
      ]
    },
    {
      "id": 99,
      "type": "LoadImage",
      "pos": [
        4421,
        1764
      ],
      "size": [
        237.49325561523438,
        314
      ],
      "flags": {},
      "order": 3,
      "mode": 0,
      "outputs": [
        {
          "name": "IMAGE",
          "type": "IMAGE",
          "links": [
            138
          ],
          "shape": 3,
          "slot_index": 0
        },
        {
          "name": "MASK",
          "type": "MASK",
          "links": null,
          "shape": 3
        }
      ],
      "properties": {
        "Node name for S&R": "LoadImage"
      },
      "widgets_values": [
        "scottd3.webp",
        "image"
      ]
    },
    {
      "id": 101,
      "type": "ImageBatch",
      "pos": [
        4447,
        1659
      ],
      "size": {
        "0": 210,
        "1": 46
      },
      "flags": {},
      "order": 6,
      "mode": 0,
      "inputs": [
        {
          "name": "image1",
          "type": "IMAGE",
          "link": 137
        },
        {
          "name": "image2",
          "type": "IMAGE",
          "link": 138
        }
      ],
      "outputs": [
        {
          "name": "IMAGE",
          "type": "IMAGE",
          "links": [
            139
          ],
          "shape": 3,
          "slot_index": 0
        }
      ],
      "properties": {
        "Node name for S&R": "ImageBatch"
      }
    },
    {
      "id": 95,
      "type": "LoadImage",
      "pos": [
        4696,
        1447
      ],
      "size": [
        210,
        314
      ],
      "flags": {},
      "order": 4,
      "mode": 0,
      "outputs": [
        {
          "name": "IMAGE",
          "type": "IMAGE",
          "links": [
            140
          ],
          "shape": 3,
          "slot_index": 0
        },
        {
          "name": "MASK",
          "type": "MASK",
          "links": null,
          "shape": 3
        }
      ],
      "properties": {
        "Node name for S&R": "LoadImage"
      },
      "widgets_values": [
        "scottd2.webp",
        "image"
      ]
    },
    {
      "id": 98,
      "type": "LoadImage",
      "pos": [
        4695,
        1830
      ],
      "size": [
        210,
        314
      ],
      "flags": {},
      "order": 5,
      "mode": 0,
      "outputs": [
        {
          "name": "IMAGE",
          "type": "IMAGE",
          "links": [
            141
          ],
          "shape": 3,
          "slot_index": 0
        },
        {
          "name": "MASK",
          "type": "MASK",
          "links": null,
          "shape": 3
        }
      ],
      "properties": {
        "Node name for S&R": "LoadImage"
      },
      "widgets_values": [
        "scottd4.jpg",
        "image"
      ]
    },
    {
      "id": 102,
      "type": "ImageBatch",
      "pos": [
        4700,
        1731
      ],
      "size": {
        "0": 210,
        "1": 46
      },
      "flags": {},
      "order": 7,
      "mode": 0,
      "inputs": [
        {
          "name": "image1",
          "type": "IMAGE",
          "link": 140
        },
        {
          "name": "image2",
          "type": "IMAGE",
          "link": 141
        }
      ],
      "outputs": [
        {
          "name": "IMAGE",
          "type": "IMAGE",
          "links": [
            142
          ],
          "shape": 3,
          "slot_index": 0
        }
      ],
      "properties": {
        "Node name for S&R": "ImageBatch"
      }
    },
    {
      "id": 92,
      "type": "Arc2FaceFaceExtractor",
      "pos": [
        5091,
        1461
      ],
      "size": {
        "0": 315,
        "1": 82
      },
      "flags": {},
      "order": 9,
      "mode": 0,
      "inputs": [
        {
          "name": "images",
          "type": "IMAGE",
          "link": 136
        }
      ],
      "outputs": [
        {
          "name": "FACE_EMBEDDING",
          "type": "FACE_EMBEDDING",
          "links": [
            132
          ],
          "shape": 3,
          "slot_index": 0
        }
      ],
      "properties": {
        "Node name for S&R": "Arc2FaceFaceExtractor"
      },
      "widgets_values": [
        "median",
        0
      ]
    }
  ],
  "links": [
    [
      131,
      94,
      0,
      96,
      0,
      "IMAGE"
    ],
    [
      132,
      92,
      0,
      94,
      0,
      "FACE_EMBEDDING"
    ],
    [
      134,
      91,
      0,
      94,
      1,
      "ARC2FACE_UNET"
    ],
    [
      135,
      93,
      0,
      94,
      2,
      "ARC2FACE_ENCODER"
    ],
    [
      136,
      100,
      0,
      92,
      0,
      "IMAGE"
    ],
    [
      137,
      97,
      0,
      101,
      0,
      "IMAGE"
    ],
    [
      138,
      99,
      0,
      101,
      1,
      "IMAGE"
    ],
    [
      139,
      101,
      0,
      100,
      0,
      "IMAGE"
    ],
    [
      140,
      95,
      0,
      102,
      0,
      "IMAGE"
    ],
    [
      141,
      98,
      0,
      102,
      1,
      "IMAGE"
    ],
    [
      142,
      102,
      0,
      100,
      1,
      "IMAGE"
    ]
  ],
  "groups": [],
  "config": {},
  "extra": {
    "ds": {
      "scale": 0.9090909090909091,
      "offset": [
        -4265.493250078089,
        -1095.6084018245356
      ]
    }
  },
  "version": 0.4
}