{
  "last_node_id": 19,
  "last_link_id": 21,
  "nodes": [
    {
      "id": 18,
      "type": "UNETLoader",
      "pos": [
        -1421.6106310991727,
        -339.0773937520662
      ],
      "size": {
        "0": 315,
        "1": 82
      },
      "flags": {},
      "order": 0,
      "mode": 0,
      "outputs": [
        {
          "name": "MODEL",
          "type": "MODEL",
          "links": [
            18
          ],
          "shape": 3
        }
      ],
      "properties": {
        "Node name for S&R": "UNETLoader"
      },
      "widgets_values": [
        "FLUX1/flux1-schnell-fp8.safetensors",
        "fp8_e5m2"
      ]
    },
    {
      "id": 19,
      "type": "Anything Everywhere",
      "pos": [
        -945.1126310991726,
        -289.83039375206624
      ],
      "size": {
        "0": 210,
        "1": 26
      },
      "flags": {},
      "order": 8,
      "mode": 0,
      "inputs": [
        {
          "name": "MODEL",
          "type": "*",
          "link": 18,
          "slot_index": 0,
          "color_on": "#B39DDB"
        }
      ],
      "properties": {
        "Node name for S&R": "Anything Everywhere",
        "group_restricted": 0,
        "color_restricted": 0
      },
      "widgets_values": []
    },
    {
      "id": 16,
      "type": "DualCLIPLoader",
      "pos": [
        -2004,
        2
      ],
      "size": {
        "0": 315,
        "1": 106
      },
      "flags": {},
      "order": 1,
      "mode": 0,
      "outputs": [
        {
          "name": "CLIP",
          "type": "CLIP",
          "links": [
            16,
            17
          ],
          "shape": 3,
          "slot_index": 0
        }
      ],
      "properties": {
        "Node name for S&R": "DualCLIPLoader"
      },
      "widgets_values": [
        "t5/google_t5-v1_1-xxl_encoderonly-fp8_e4m3fn.safetensors",
        "clip_l.safetensors",
        "flux"
      ]
    },
    {
      "id": 14,
      "type": "Anything Everywhere",
      "pos": [
        -1625,
        277
      ],
      "size": {
        "0": 210,
        "1": 26
      },
      "flags": {},
      "order": 11,
      "mode": 0,
      "inputs": [
        {
          "name": "IMAGE",
          "type": "*",
          "link": 14,
          "color_on": "#64B5F6"
        }
      ],
      "properties": {
        "Node name for S&R": "Anything Everywhere",
        "group_restricted": 0,
        "color_restricted": 0
      },
      "widgets_values": []
    },
    {
      "id": 12,
      "type": "ImpactGaussianBlurMask",
      "pos": [
        -1615,
        662
      ],
      "size": {
        "0": 315,
        "1": 82
      },
      "flags": {},
      "order": 12,
      "mode": 0,
      "inputs": [
        {
          "name": "mask",
          "type": "MASK",
          "link": 13
        }
      ],
      "outputs": [
        {
          "name": "MASK",
          "type": "MASK",
          "links": [
            12
          ],
          "shape": 3
        }
      ],
      "properties": {
        "Node name for S&R": "ImpactGaussianBlurMask"
      },
      "widgets_values": [
        10,
        10
      ]
    },
    {
      "id": 6,
      "type": "DifferentialDiffusion",
      "pos": [
        -717,
        3
      ],
      "size": {
        "0": 210,
        "1": 26
      },
      "flags": {},
      "order": 2,
      "mode": 0,
      "inputs": [
        {
          "name": "model",
          "type": "MODEL",
          "link": null
        }
      ],
      "outputs": [
        {
          "name": "MODEL",
          "type": "MODEL",
          "links": [
            5
          ],
          "shape": 3
        }
      ],
      "properties": {
        "Node name for S&R": "DifferentialDiffusion"
      }
    },
    {
      "id": 5,
      "type": "BasicGuider",
      "pos": [
        -684,
        123
      ],
      "size": {
        "0": 241.79998779296875,
        "1": 46
      },
      "flags": {},
      "order": 15,
      "mode": 0,
      "inputs": [
        {
          "name": "model",
          "type": "MODEL",
          "link": 5,
          "slot_index": 0
        },
        {
          "name": "conditioning",
          "type": "CONDITIONING",
          "link": 9
        }
      ],
      "outputs": [
        {
          "name": "GUIDER",
          "type": "GUIDER",
          "links": [
            4
          ],
          "shape": 3
        }
      ],
      "properties": {
        "Node name for S&R": "BasicGuider"
      }
    },
    {
      "id": 7,
      "type": "KSamplerSelect",
      "pos": [
        -1101,
        156
      ],
      "size": {
        "0": 315,
        "1": 58
      },
      "flags": {},
      "order": 3,
      "mode": 0,
      "outputs": [
        {
          "name": "SAMPLER",
          "type": "SAMPLER",
          "links": [
            6
          ],
          "shape": 3
        }
      ],
      "properties": {
        "Node name for S&R": "KSamplerSelect"
      },
      "widgets_values": [
        "euler"
      ]
    },
    {
      "id": 1,
      "type": "SamplerCustomAdvanced",
      "pos": [
        -717,
        266
      ],
      "size": {
        "0": 355.20001220703125,
        "1": 106
      },
      "flags": {},
      "order": 16,
      "mode": 0,
      "inputs": [
        {
          "name": "noise",
          "type": "NOISE",
          "link": 3,
          "slot_index": 0
        },
        {
          "name": "guider",
          "type": "GUIDER",
          "link": 4,
          "slot_index": 1
        },
        {
          "name": "sampler",
          "type": "SAMPLER",
          "link": 6,
          "slot_index": 2
        },
        {
          "name": "sigmas",
          "type": "SIGMAS",
          "link": 7,
          "slot_index": 3
        },
        {
          "name": "latent_image",
          "type": "LATENT",
          "link": 8,
          "slot_index": 4
        }
      ],
      "outputs": [
        {
          "name": "output",
          "type": "LATENT",
          "links": [
            1
          ],
          "shape": 3
        },
        {
          "name": "denoised_output",
          "type": "LATENT",
          "links": null,
          "shape": 3
        }
      ],
      "properties": {
        "Node name for S&R": "SamplerCustomAdvanced"
      }
    },
    {
      "id": 8,
      "type": "BasicScheduler",
      "pos": [
        -1120,
        281
      ],
      "size": {
        "0": 315,
        "1": 106
      },
      "flags": {},
      "order": 4,
      "mode": 0,
      "inputs": [
        {
          "name": "model",
          "type": "MODEL",
          "link": null
        }
      ],
      "outputs": [
        {
          "name": "SIGMAS",
          "type": "SIGMAS",
          "links": [
            7
          ],
          "shape": 3
        }
      ],
      "properties": {
        "Node name for S&R": "BasicScheduler"
      },
      "widgets_values": [
        "simple",
        20,
        1
      ]
    },
    {
      "id": 17,
      "type": "VAELoader",
      "pos": [
        -1174,
        745
      ],
      "size": {
        "0": 315,
        "1": 58
      },
      "flags": {},
      "order": 5,
      "mode": 0,
      "outputs": [
        {
          "name": "VAE",
          "type": "VAE",
          "links": [
            19,
            20
          ],
          "shape": 3,
          "slot_index": 0
        }
      ],
      "properties": {
        "Node name for S&R": "VAELoader"
      },
      "widgets_values": [
        "ae.safetensors"
      ]
    },
    {
      "id": 2,
      "type": "VAEDecode",
      "pos": [
        -636,
        506
      ],
      "size": {
        "0": 210,
        "1": 46
      },
      "flags": {},
      "order": 17,
      "mode": 0,
      "inputs": [
        {
          "name": "samples",
          "type": "LATENT",
          "link": 1,
          "slot_index": 0
        },
        {
          "name": "vae",
          "type": "VAE",
          "link": 20,
          "slot_index": 1
        }
      ],
      "outputs": [
        {
          "name": "IMAGE",
          "type": "IMAGE",
          "links": [
            2
          ],
          "shape": 3
        }
      ],
      "properties": {
        "Node name for S&R": "VAEDecode"
      }
    },
    {
      "id": 4,
      "type": "RandomNoise",
      "pos": [
        -351,
        6
      ],
      "size": {
        "0": 315,
        "1": 82
      },
      "flags": {},
      "order": 6,
      "mode": 0,
      "outputs": [
        {
          "name": "NOISE",
          "type": "NOISE",
          "links": [
            3
          ],
          "shape": 3
        }
      ],
      "properties": {
        "Node name for S&R": "RandomNoise"
      },
      "widgets_values": [
        906879257178004,
        "randomize"
      ]
    },
    {
      "id": 3,
      "type": "PreviewImage",
      "pos": [
        -294,
        194
      ],
      "size": [
        210,
        246
      ],
      "flags": {},
      "order": 18,
      "mode": 0,
      "inputs": [
        {
          "name": "images",
          "type": "IMAGE",
          "link": 2,
          "slot_index": 0
        }
      ],
      "properties": {
        "Node name for S&R": "PreviewImage"
      }
    },
    {
      "id": 10,
      "type": "FluxGuidance",
      "pos": [
        -1108,
        11
      ],
      "size": {
        "0": 317.4000244140625,
        "1": 58
      },
      "flags": {},
      "order": 13,
      "mode": 0,
      "inputs": [
        {
          "name": "conditioning",
          "type": "CONDITIONING",
          "link": 15,
          "slot_index": 0
        }
      ],
      "outputs": [
        {
          "name": "CONDITIONING",
          "type": "CONDITIONING",
          "links": [
            10
          ],
          "shape": 3
        }
      ],
      "properties": {
        "Node name for S&R": "FluxGuidance"
      },
      "widgets_values": [
        3.5
      ]
    },
    {
      "id": 9,
      "type": "InpaintModelConditioning",
      "pos": [
        -917,
        464
      ],
      "size": {
        "0": 216.59999084472656,
        "1": 106
      },
      "flags": {},
      "order": 14,
      "mode": 0,
      "inputs": [
        {
          "name": "positive",
          "type": "CONDITIONING",
          "link": 10,
          "slot_index": 0
        },
        {
          "name": "negative",
          "type": "CONDITIONING",
          "link": 11,
          "slot_index": 1
        },
        {
          "name": "vae",
          "type": "VAE",
          "link": 19
        },
        {
          "name": "pixels",
          "type": "IMAGE",
          "link": 21,
          "slot_index": 3
        },
        {
          "name": "mask",
          "type": "MASK",
          "link": 12,
          "slot_index": 4
        }
      ],
      "outputs": [
        {
          "name": "positive",
          "type": "CONDITIONING",
          "links": [
            9
          ],
          "shape": 3,
          "slot_index": 0
        },
        {
          "name": "negative",
          "type": "CONDITIONING",
          "links": null,
          "shape": 3
        },
        {
          "name": "latent",
          "type": "LATENT",
          "links": [
            8
          ],
          "shape": 3
        }
      ],
      "properties": {
        "Node name for S&R": "InpaintModelConditioning"
      }
    },
    {
      "id": 15,
      "type": "CLIPTextEncode",
      "pos": [
        -1612,
        3
      ],
      "size": {
        "0": 400,
        "1": 200
      },
      "flags": {},
      "order": 9,
      "mode": 0,
      "inputs": [
        {
          "name": "clip",
          "type": "CLIP",
          "link": 16,
          "slot_index": 0
        }
      ],
      "outputs": [
        {
          "name": "CONDITIONING",
          "type": "CONDITIONING",
          "links": [
            15
          ],
          "shape": 3
        }
      ],
      "properties": {
        "Node name for S&R": "CLIPTextEncode"
      },
      "widgets_values": [
        "pink hairs "
      ]
    },
    {
      "id": 13,
      "type": "LoadAndResizeImage",
      "pos": [
        -2065,
        392
      ],
      "size": {
        "0": 315,
        "1": 522
      },
      "flags": {},
      "order": 7,
      "mode": 0,
      "outputs": [
        {
          "name": "image",
          "type": "IMAGE",
          "links": [
            14,
            21
          ],
          "shape": 3,
          "slot_index": 0
        },
        {
          "name": "mask",
          "type": "MASK",
          "links": [
            13
          ],
          "shape": 3,
          "slot_index": 1
        },
        {
          "name": "width",
          "type": "INT",
          "links": null,
          "shape": 3
        },
        {
          "name": "height",
          "type": "INT",
          "links": null,
          "shape": 3
        }
      ],
      "properties": {
        "Node name for S&R": "LoadAndResizeImage"
      },
      "widgets_values": [
        "clipspace/clipspace-mask-2055671.1999999997.png [input]",
        false,
        0,
        512,
        1,
        false,
        2,
        "alpha",
        "image"
      ]
    },
    {
      "id": 11,
      "type": "CLIPTextEncode",
      "pos": [
        -1552,
        388
      ],
      "size": {
        "0": 400,
        "1": 200
      },
      "flags": {},
      "order": 10,
      "mode": 0,
      "inputs": [
        {
          "name": "clip",
          "type": "CLIP",
          "link": 17
        }
      ],
      "outputs": [
        {
          "name": "CONDITIONING",
          "type": "CONDITIONING",
          "links": [
            11
          ],
          "shape": 3
        }
      ],
      "properties": {
        "Node name for S&R": "CLIPTextEncode"
      },
      "widgets_values": [
        "black top"
      ]
    }
  ],
  "links": [
    [
      1,
      1,
      0,
      2,
      0,
      "LATENT"
    ],
    [
      2,
      2,
      0,
      3,
      0,
      "IMAGE"
    ],
    [
      3,
      4,
      0,
      1,
      0,
      "NOISE"
    ],
    [
      4,
      5,
      0,
      1,
      1,
      "GUIDER"
    ],
    [
      5,
      6,
      0,
      5,
      0,
      "MODEL"
    ],
    [
      6,
      7,
      0,
      1,
      2,
      "SAMPLER"
    ],
    [
      7,
      8,
      0,
      1,
      3,
      "SIGMAS"
    ],
    [
      8,
      9,
      2,
      1,
      4,
      "LATENT"
    ],
    [
      9,
      9,
      0,
      5,
      1,
      "CONDITIONING"
    ],
    [
      10,
      10,
      0,
      9,
      0,
      "CONDITIONING"
    ],
    [
      11,
      11,
      0,
      9,
      1,
      "CONDITIONING"
    ],
    [
      12,
      12,
      0,
      9,
      4,
      "MASK"
    ],
    [
      13,
      13,
      1,
      12,
      0,
      "MASK"
    ],
    [
      14,
      13,
      0,
      14,
      0,
      "IMAGE"
    ],
    [
      15,
      15,
      0,
      10,
      0,
      "CONDITIONING"
    ],
    [
      16,
      16,
      0,
      15,
      0,
      "CLIP"
    ],
    [
      17,
      16,
      0,
      11,
      0,
      "CLIP"
    ],
    [
      18,
      18,
      0,
      19,
      0,
      "MODEL"
    ],
    [
      19,
      17,
      0,
      9,
      2,
      "VAE"
    ],
    [
      20,
      17,
      0,
      2,
      1,
      "VAE"
    ],
    [
      21,
      13,
      0,
      9,
      3,
      "IMAGE"
    ]
  ],
  "groups": [],
  "config": {},
  "extra": {
    "ds": {
      "scale": 0.8264462809917354,
      "offset": [
        1963.942498451497,
        40.39892897526862
      ]
    }
  },
  "version": 0.4
}