{
  "last_node_id": 225,
  "last_link_id": 434,
  "nodes": [
    {
      "id": 120,
      "type": "MaskToImage",
      "pos": [
        -619.6587524414062,
        848.6201782226562
      ],
      "size": [
        210,
        30
      ],
      "flags": {
        "collapsed": false
      },
      "order": 37,
      "mode": 0,
      "inputs": [
        {
          "name": "mask",
          "type": "MASK",
          "link": 321,
          "label": "mask"
        }
      ],
      "outputs": [
        {
          "name": "IMAGE",
          "type": "IMAGE",
          "links": [
            264
          ],
          "slot_index": 0,
          "label": "image"
        }
      ],
      "properties": {
        "Node name for S&R": "MaskToImage"
      },
      "widgets_values": []
    },
    {
      "id": 130,
      "type": "ImageConcanate",
      "pos": [
        227.98568725585938,
        813.1538696289062
      ],
      "size": [
        320,
        102
      ],
      "flags": {
        "collapsed": false
      },
      "order": 47,
      "mode": 0,
      "inputs": [
        {
          "name": "image1",
          "type": "IMAGE",
          "link": 273,
          "label": "image_1"
        },
        {
          "name": "image2",
          "type": "IMAGE",
          "link": 325,
          "label": "image_2"
        }
      ],
      "outputs": [
        {
          "name": "IMAGE",
          "type": "IMAGE",
          "links": [
            282
          ],
          "slot_index": 0,
          "label": "image"
        }
      ],
      "properties": {
        "Node name for S&R": "ImageConcanate"
      },
      "widgets_values": [
        "right",
        true
      ]
    },
    {
      "id": 149,
      "type": "EmptyImage",
      "pos": [
        -12.014336585998535,
        803.1538696289062
      ],
      "size": [
        210,
        102
      ],
      "flags": {
        "collapsed": false
      },
      "order": 44,
      "mode": 0,
      "inputs": [
        {
          "name": "width",
          "type": "INT",
          "link": 315,
          "widget": {
            "name": "width"
          },
          "label": "width"
        },
        {
          "name": "height",
          "type": "INT",
          "link": 316,
          "widget": {
            "name": "height"
          },
          "label": "height"
        }
      ],
      "outputs": [
        {
          "name": "IMAGE",
          "type": "IMAGE",
          "links": [
            325
          ],
          "slot_index": 0,
          "label": "image"
        }
      ],
      "properties": {
        "Node name for S&R": "EmptyImage"
      },
      "widgets_values": [
        512,
        512,
        1,
        0
      ]
    },
    {
      "id": 178,
      "type": "MaskToImage",
      "pos": [
        -1010,
        1610
      ],
      "size": [
        264.5999755859375,
        26
      ],
      "flags": {},
      "order": 27,
      "mode": 0,
      "inputs": [
        {
          "name": "mask",
          "type": "MASK",
          "link": 358
        }
      ],
      "outputs": [
        {
          "name": "IMAGE",
          "type": "IMAGE",
          "links": [
            357
          ],
          "slot_index": 0
        }
      ],
      "properties": {
        "Node name for S&R": "MaskToImage"
      },
      "widgets_values": []
    },
    {
      "id": 192,
      "type": "Florence2Run",
      "pos": [
        -1456.1943359375,
        813.3887939453125
      ],
      "size": [
        400,
        357
      ],
      "flags": {},
      "order": 26,
      "mode": 0,
      "inputs": [
        {
          "name": "image",
          "type": "IMAGE",
          "link": 401
        },
        {
          "name": "florence2_model",
          "type": "FL2MODEL",
          "link": 376
        }
      ],
      "outputs": [
        {
          "name": "image",
          "type": "IMAGE",
          "links": [
            377
          ],
          "slot_index": 0
        },
        {
          "name": "mask",
          "type": "MASK",
          "links": [
            373,
            379
          ],
          "slot_index": 1
        },
        {
          "name": "caption",
          "type": "STRING",
          "links": null
        },
        {
          "name": "data",
          "type": "JSON",
          "links": null
        }
      ],
      "properties": {
        "Node name for S&R": "Florence2Run"
      },
      "widgets_values": [
        "object,",
        "referring_expression_segmentation",
        true,
        false,
        1024,
        3,
        true,
        "",
        970419429410761,
        "randomize",
        [
          false,
          true
        ]
      ]
    },
    {
      "id": 195,
      "type": "DualCLIPLoaderGGUF",
      "pos": [
        -226.06396484375,
        17.245676040649414
      ],
      "size": [
        315,
        106
      ],
      "flags": {},
      "order": 0,
      "mode": 0,
      "inputs": [],
      "outputs": [
        {
          "name": "CLIP",
          "type": "CLIP",
          "links": [
            382,
            383
          ],
          "slot_index": 0
        }
      ],
      "properties": {
        "Node name for S&R": "DualCLIPLoaderGGUF"
      },
      "widgets_values": [
        "clip_l.safetensors",
        "t5-v1_1-xxl-encoder-Q6_K.gguf",
        "flux"
      ]
    },
    {
      "id": 116,
      "type": "GrowMaskWithBlur",
      "pos": [
        -979.6587524414062,
        848.6201782226562
      ],
      "size": [
        320,
        250
      ],
      "flags": {
        "collapsed": false
      },
      "order": 33,
      "mode": 0,
      "inputs": [
        {
          "name": "mask",
          "type": "MASK",
          "link": 379,
          "label": "mask"
        }
      ],
      "outputs": [
        {
          "name": "mask",
          "type": "MASK",
          "links": [
            321
          ],
          "slot_index": 0,
          "label": "mask"
        },
        {
          "name": "mask_inverted",
          "type": "MASK",
          "links": [],
          "slot_index": 1,
          "label": "mask_inverted"
        }
      ],
      "properties": {
        "Node name for S&R": "GrowMaskWithBlur"
      },
      "widgets_values": [
        50,
        0.9999999999999999,
        true,
        false,
        5,
        1,
        1,
        false
      ]
    },
    {
      "id": 154,
      "type": "LayerMask: MaskPreview",
      "pos": [
        882.8701171875,
        831.443359375
      ],
      "size": [
        351.3114929199219,
        378.8370056152344
      ],
      "flags": {},
      "order": 53,
      "mode": 0,
      "inputs": [
        {
          "name": "mask",
          "type": "MASK",
          "link": 323,
          "label": "mask"
        }
      ],
      "outputs": [],
      "properties": {
        "Node name for S&R": "LayerMask: MaskPreview"
      },
      "widgets_values": [],
      "color": "rgba(27, 80, 119, 0.7)"
    },
    {
      "id": 155,
      "type": "LayerMask: MaskPreview",
      "pos": [
        889.0039672851562,
        1261.462646484375
      ],
      "size": [
        342.1925048828125,
        325.3154602050781
      ],
      "flags": {},
      "order": 51,
      "mode": 0,
      "inputs": [
        {
          "name": "mask",
          "type": "MASK",
          "link": 324,
          "label": "mask"
        }
      ],
      "outputs": [],
      "properties": {
        "Node name for S&R": "LayerMask: MaskPreview"
      },
      "widgets_values": [],
      "color": "rgba(27, 80, 119, 0.7)"
    },
    {
      "id": 134,
      "type": "ImageConcanate",
      "pos": [
        359.28741455078125,
        1288.632568359375
      ],
      "size": [
        210,
        102
      ],
      "flags": {
        "collapsed": false
      },
      "order": 45,
      "mode": 0,
      "inputs": [
        {
          "name": "image1",
          "type": "IMAGE",
          "link": 280,
          "label": "image_1"
        },
        {
          "name": "image2",
          "type": "IMAGE",
          "link": 326,
          "label": "image_2"
        }
      ],
      "outputs": [
        {
          "name": "IMAGE",
          "type": "IMAGE",
          "links": [
            284
          ],
          "slot_index": 0,
          "label": "image"
        }
      ],
      "properties": {
        "Node name for S&R": "ImageConcanate"
      },
      "widgets_values": [
        "left",
        true
      ]
    },
    {
      "id": 152,
      "type": "EmptyImage",
      "pos": [
        115.42466735839844,
        1297.4658203125
      ],
      "size": [
        210,
        102
      ],
      "flags": {
        "collapsed": false
      },
      "order": 42,
      "mode": 0,
      "inputs": [
        {
          "name": "width",
          "type": "INT",
          "link": 318,
          "widget": {
            "name": "width"
          },
          "label": "width"
        },
        {
          "name": "height",
          "type": "INT",
          "link": 319,
          "widget": {
            "name": "height"
          },
          "label": "height"
        }
      ],
      "outputs": [
        {
          "name": "IMAGE",
          "type": "IMAGE",
          "links": [
            326
          ],
          "slot_index": 0,
          "label": "image"
        }
      ],
      "properties": {
        "Node name for S&R": "EmptyImage"
      },
      "widgets_values": [
        512,
        512,
        1,
        0
      ]
    },
    {
      "id": 175,
      "type": "PreviewBridge",
      "pos": [
        216.74620056152344,
        1442.7274169921875
      ],
      "size": [
        320,
        340
      ],
      "flags": {},
      "order": 49,
      "mode": 0,
      "inputs": [
        {
          "name": "images",
          "type": "IMAGE",
          "link": 351,
          "label": "image"
        }
      ],
      "outputs": [
        {
          "name": "IMAGE",
          "type": "IMAGE",
          "links": null,
          "label": "image"
        },
        {
          "name": "MASK",
          "type": "MASK",
          "links": [
            353
          ],
          "slot_index": 1,
          "label": "mask"
        }
      ],
      "properties": {
        "Node name for S&R": "PreviewBridge"
      },
      "widgets_values": [
        "$175-0",
        false,
        "never"
      ]
    },
    {
      "id": 169,
      "type": "LayerMask: MaskPreview",
      "pos": [
        554.9443969726562,
        1645.210693359375
      ],
      "size": [
        670,
        510
      ],
      "flags": {},
      "order": 55,
      "mode": 0,
      "inputs": [
        {
          "name": "mask",
          "type": "MASK",
          "link": 344,
          "label": "mask"
        }
      ],
      "outputs": [],
      "properties": {
        "Node name for S&R": "LayerMask: MaskPreview"
      },
      "widgets_values": [],
      "color": "rgba(27, 80, 119, 0.7)"
    },
    {
      "id": 172,
      "type": "ImageConcanate",
      "pos": [
        -32.15681076049805,
        1587.90283203125
      ],
      "size": [
        210,
        102
      ],
      "flags": {
        "collapsed": false
      },
      "order": 46,
      "mode": 0,
      "inputs": [
        {
          "name": "image1",
          "type": "IMAGE",
          "link": 349,
          "label": "image_1"
        },
        {
          "name": "image2",
          "type": "IMAGE",
          "link": 347,
          "label": "image_2"
        }
      ],
      "outputs": [
        {
          "name": "IMAGE",
          "type": "IMAGE",
          "links": [
            351
          ],
          "slot_index": 0,
          "label": "image"
        }
      ],
      "properties": {
        "Node name for S&R": "ImageConcanate"
      },
      "widgets_values": [
        "left",
        true
      ]
    },
    {
      "id": 171,
      "type": "EmptyImage",
      "pos": [
        -277.473388671875,
        1605.076904296875
      ],
      "size": [
        210,
        102
      ],
      "flags": {
        "collapsed": false
      },
      "order": 43,
      "mode": 0,
      "inputs": [
        {
          "name": "width",
          "type": "INT",
          "link": 345,
          "widget": {
            "name": "width"
          },
          "label": "width"
        },
        {
          "name": "height",
          "type": "INT",
          "link": 346,
          "widget": {
            "name": "height"
          },
          "label": "height"
        }
      ],
      "outputs": [
        {
          "name": "IMAGE",
          "type": "IMAGE",
          "links": [
            347
          ],
          "slot_index": 0,
          "label": "mask"
        }
      ],
      "properties": {
        "Node name for S&R": "EmptyImage"
      },
      "widgets_values": [
        512,
        512,
        1,
        0
      ]
    },
    {
      "id": 191,
      "type": "PreviewImage",
      "pos": [
        -1279.0611572265625,
        1219.7652587890625
      ],
      "size": [
        232.0367431640625,
        246
      ],
      "flags": {},
      "order": 36,
      "mode": 0,
      "inputs": [
        {
          "name": "images",
          "type": "IMAGE",
          "link": 374
        }
      ],
      "outputs": [],
      "properties": {
        "Node name for S&R": "PreviewImage"
      },
      "widgets_values": []
    },
    {
      "id": 183,
      "type": "Sam2Segmentation",
      "pos": [
        -1010.0941772460938,
        1475.997314453125
      ],
      "size": [
        350.0386047363281,
        187.76953125
      ],
      "flags": {},
      "order": 22,
      "mode": 0,
      "inputs": [
        {
          "name": "sam2_model",
          "type": "SAM2MODEL",
          "link": 362
        },
        {
          "name": "image",
          "type": "IMAGE",
          "link": 366
        },
        {
          "name": "bboxes",
          "type": "BBOX",
          "link": null,
          "shape": 7
        },
        {
          "name": "mask",
          "type": "MASK",
          "link": 364,
          "shape": 7
        },
        {
          "name": "coordinates_positive",
          "type": "STRING",
          "link": null,
          "widget": {
            "name": "coordinates_positive"
          },
          "shape": 7
        },
        {
          "name": "coordinates_negative",
          "type": "STRING",
          "link": null,
          "widget": {
            "name": "coordinates_negative"
          },
          "shape": 7
        }
      ],
      "outputs": [
        {
          "name": "mask",
          "type": "MASK",
          "links": [
            358,
            380
          ],
          "slot_index": 0
        }
      ],
      "properties": {
        "Node name for S&R": "Sam2Segmentation"
      },
      "widgets_values": [
        false,
        "",
        "",
        false
      ]
    },
    {
      "id": 193,
      "type": "PreviewImage",
      "pos": [
        -1513.0985107421875,
        1227.68359375
      ],
      "size": [
        217.44705200195312,
        246
      ],
      "flags": {},
      "order": 31,
      "mode": 0,
      "inputs": [
        {
          "name": "images",
          "type": "IMAGE",
          "link": 377
        }
      ],
      "outputs": [],
      "properties": {
        "Node name for S&R": "PreviewImage"
      },
      "widgets_values": []
    },
    {
      "id": 189,
      "type": "MaskToImage",
      "pos": [
        -1807.857421875,
        1281.7899169921875
      ],
      "size": [
        264.5999755859375,
        26
      ],
      "flags": {},
      "order": 32,
      "mode": 0,
      "inputs": [
        {
          "name": "mask",
          "type": "MASK",
          "link": 373
        }
      ],
      "outputs": [
        {
          "name": "IMAGE",
          "type": "IMAGE",
          "links": [
            374
          ],
          "slot_index": 0
        }
      ],
      "properties": {
        "Node name for S&R": "MaskToImage"
      },
      "widgets_values": []
    },
    {
      "id": 190,
      "type": "DownloadAndLoadFlorence2Model",
      "pos": [
        -1790.2384033203125,
        869.0995483398438
      ],
      "size": [
        299.7500915527344,
        106
      ],
      "flags": {},
      "order": 1,
      "mode": 0,
      "inputs": [
        {
          "name": "lora",
          "type": "PEFTLORA",
          "link": null,
          "shape": 7
        }
      ],
      "outputs": [
        {
          "name": "florence2_model",
          "type": "FL2MODEL",
          "links": [
            376
          ]
        }
      ],
      "properties": {
        "Node name for S&R": "DownloadAndLoadFlorence2Model"
      },
      "widgets_values": [
        "microsoft/Florence-2-large-ft",
        "fp16",
        "sdpa"
      ]
    },
    {
      "id": 146,
      "type": "easy imageSize",
      "pos": [
        -964.4382934570312,
        33.972740173339844
      ],
      "size": [
        210,
        100
      ],
      "flags": {},
      "order": 24,
      "mode": 0,
      "inputs": [
        {
          "name": "image",
          "type": "IMAGE",
          "link": 300,
          "label": "image"
        }
      ],
      "outputs": [
        {
          "name": "width_int",
          "type": "INT",
          "label": "width"
        },
        {
          "name": "height_int",
          "type": "INT",
          "links": [],
          "slot_index": 1,
          "label": "height"
        }
      ],
      "properties": {
        "Node name for S&R": "easy imageSize"
      },
      "widgets_values": [
        "Width: 819 , Height: 1024"
      ]
    },
    {
      "id": 60,
      "type": "PreviewImage",
      "pos": [
        -608.403076171875,
        79.96952819824219
      ],
      "size": [
        329.97869873046875,
        364.890869140625
      ],
      "flags": {},
      "order": 29,
      "mode": 0,
      "inputs": [
        {
          "name": "images",
          "type": "IMAGE",
          "link": 135,
          "label": "image"
        }
      ],
      "outputs": [],
      "properties": {
        "Node name for S&R": "PreviewImage"
      },
      "widgets_values": []
    },
    {
      "id": 7,
      "type": "CLIPTextEncode",
      "pos": [
        192.55618286132812,
        192.3806915283203
      ],
      "size": [
        430,
        180
      ],
      "flags": {
        "collapsed": true
      },
      "order": 11,
      "mode": 0,
      "inputs": [
        {
          "name": "clip",
          "type": "CLIP",
          "link": 383,
          "label": "CLIP"
        }
      ],
      "outputs": [
        {
          "name": "CONDITIONING",
          "type": "CONDITIONING",
          "links": [
            81
          ],
          "slot_index": 0,
          "label": "conditioning"
        }
      ],
      "properties": {
        "Node name for S&R": "CLIPTextEncode"
      },
      "widgets_values": [
        "",
        [
          false,
          true
        ]
      ],
      "color": "#322",
      "bgcolor": "#533"
    },
    {
      "id": 32,
      "type": "VAELoader",
      "pos": [
        -217.1680145263672,
        185.62893676757812
      ],
      "size": [
        320,
        60
      ],
      "flags": {
        "collapsed": false
      },
      "order": 2,
      "mode": 0,
      "inputs": [],
      "outputs": [
        {
          "name": "VAE",
          "type": "VAE",
          "links": [
            60,
            82
          ],
          "slot_index": 0
        }
      ],
      "properties": {
        "Node name for S&R": "VAELoader"
      },
      "widgets_values": [
        "ae.safetensors"
      ]
    },
    {
      "id": 194,
      "type": "UnetLoaderGGUF",
      "pos": [
        -216.781494140625,
        306.482421875
      ],
      "size": [
        315,
        58
      ],
      "flags": {},
      "order": 3,
      "mode": 0,
      "inputs": [],
      "outputs": [
        {
          "name": "MODEL",
          "type": "MODEL",
          "links": [
            381
          ],
          "slot_index": 0
        }
      ],
      "properties": {
        "Node name for S&R": "UnetLoaderGGUF"
      },
      "widgets_values": [
        "flux1-fill-dev-Q4_K_S.gguf"
      ]
    },
    {
      "id": 39,
      "type": "DifferentialDiffusion",
      "pos": [
        -217.5335235595703,
        427.67205810546875
      ],
      "size": [
        320,
        30
      ],
      "flags": {},
      "order": 12,
      "mode": 0,
      "inputs": [
        {
          "name": "model",
          "type": "MODEL",
          "link": 381,
          "label": "model"
        }
      ],
      "outputs": [
        {
          "name": "MODEL",
          "type": "MODEL",
          "links": [
            86
          ],
          "slot_index": 0,
          "label": "model"
        }
      ],
      "properties": {
        "Node name for S&R": "DifferentialDiffusion"
      },
      "widgets_values": []
    },
    {
      "id": 26,
      "type": "FluxGuidance",
      "pos": [
        126.11566162109375,
        262.38409423828125
      ],
      "size": [
        320,
        60
      ],
      "flags": {},
      "order": 15,
      "mode": 0,
      "inputs": [
        {
          "name": "conditioning",
          "type": "CONDITIONING",
          "link": 41,
          "label": "conditioning"
        }
      ],
      "outputs": [
        {
          "name": "CONDITIONING",
          "type": "CONDITIONING",
          "links": [
            116
          ],
          "slot_index": 0,
          "shape": 3,
          "label": "conditioning"
        }
      ],
      "properties": {
        "Node name for S&R": "FluxGuidance"
      },
      "widgets_values": [
        30
      ]
    },
    {
      "id": 161,
      "type": "easy seed",
      "pos": [
        558.8519287109375,
        -10.630301475524902
      ],
      "size": [
        322.3357849121094,
        115.7683334350586
      ],
      "flags": {},
      "order": 4,
      "mode": 0,
      "inputs": [],
      "outputs": [
        {
          "name": "seed",
          "type": "INT",
          "links": [
            333
          ],
          "slot_index": 0
        }
      ],
      "properties": {
        "Node name for S&R": "easy seed"
      },
      "widgets_values": [
        152919089032103,
        "fixed",
        null
      ]
    },
    {
      "id": 8,
      "type": "VAEDecode",
      "pos": [
        1401.5003662109375,
        374.5430603027344
      ],
      "size": [
        210,
        50
      ],
      "flags": {},
      "order": 59,
      "mode": 0,
      "inputs": [
        {
          "name": "samples",
          "type": "LATENT",
          "link": 7,
          "label": "Latent"
        },
        {
          "name": "vae",
          "type": "VAE",
          "link": 60,
          "label": "VAE"
        }
      ],
      "outputs": [
        {
          "name": "IMAGE",
          "type": "IMAGE",
          "links": [
            393
          ],
          "slot_index": 0,
          "label": "image"
        }
      ],
      "properties": {
        "Node name for S&R": "VAEDecode"
      },
      "widgets_values": []
    },
    {
      "id": 56,
      "type": "StyleModelLoader",
      "pos": [
        -219.85885620117188,
        -339.88702392578125
      ],
      "size": [
        370,
        60
      ],
      "flags": {},
      "order": 5,
      "mode": 0,
      "inputs": [],
      "outputs": [
        {
          "name": "STYLE_MODEL",
          "type": "STYLE_MODEL",
          "links": [
            114
          ],
          "label": "style"
        }
      ],
      "properties": {
        "Node name for S&R": "StyleModelLoader"
      },
      "widgets_values": [
        "flux1-redux-dev.safetensors"
      ]
    },
    {
      "id": 52,
      "type": "CLIPVisionLoader",
      "pos": [
        -220.29583740234375,
        -470.0106506347656
      ],
      "size": [
        370,
        60
      ],
      "flags": {},
      "order": 6,
      "mode": 0,
      "inputs": [],
      "outputs": [
        {
          "name": "CLIP_VISION",
          "type": "CLIP_VISION",
          "links": [
            389
          ],
          "slot_index": 0,
          "label": "clip_vision"
        }
      ],
      "properties": {
        "Node name for S&R": "CLIPVisionLoader"
      },
      "widgets_values": [
        "sigclip_vision_patch14_384.safetensors"
      ]
    },
    {
      "id": 200,
      "type": "CLIPVisionEncode",
      "pos": [
        212.83213806152344,
        -477.74346923828125
      ],
      "size": [
        290,
        78
      ],
      "flags": {},
      "order": 25,
      "mode": 0,
      "inputs": [
        {
          "name": "clip_vision",
          "type": "CLIP_VISION",
          "link": 389,
          "label": "clip_vision"
        },
        {
          "name": "image",
          "type": "IMAGE",
          "link": 390,
          "label": "image"
        }
      ],
      "outputs": [
        {
          "name": "CLIP_VISION_OUTPUT",
          "type": "CLIP_VISION_OUTPUT",
          "links": [
            391
          ],
          "label": "CLIP_VISION_OUTPUT"
        }
      ],
      "properties": {
        "Node name for S&R": "CLIPVisionEncode"
      },
      "widgets_values": [
        "center"
      ]
    },
    {
      "id": 55,
      "type": "StyleModelApply",
      "pos": [
        182.83213806152344,
        -346.39794921875
      ],
      "size": [
        320,
        70
      ],
      "flags": {},
      "order": 30,
      "mode": 0,
      "inputs": [
        {
          "name": "conditioning",
          "type": "CONDITIONING",
          "link": 116,
          "label": "conditioning"
        },
        {
          "name": "style_model",
          "type": "STYLE_MODEL",
          "link": 114,
          "label": "style_model"
        },
        {
          "name": "clip_vision_output",
          "type": "CLIP_VISION_OUTPUT",
          "link": 391,
          "shape": 7,
          "label": "clip_vision_output"
        }
      ],
      "outputs": [
        {
          "name": "CONDITIONING",
          "type": "CONDITIONING",
          "links": [
            117
          ],
          "slot_index": 0,
          "label": "conditioning"
        }
      ],
      "properties": {
        "Node name for S&R": "StyleModelApply"
      },
      "widgets_values": []
    },
    {
      "id": 38,
      "type": "InpaintModelConditioning",
      "pos": [
        569.2442626953125,
        -469.6705017089844
      ],
      "size": [
        300,
        140
      ],
      "flags": {},
      "order": 57,
      "mode": 0,
      "inputs": [
        {
          "name": "positive",
          "type": "CONDITIONING",
          "link": 117,
          "label": "positive_conditioning"
        },
        {
          "name": "negative",
          "type": "CONDITIONING",
          "link": 81,
          "label": "negative_conditioning"
        },
        {
          "name": "vae",
          "type": "VAE",
          "link": 82,
          "label": "VAE"
        },
        {
          "name": "pixels",
          "type": "IMAGE",
          "link": 254,
          "label": "image"
        },
        {
          "name": "mask",
          "type": "MASK",
          "link": 255,
          "label": "mask"
        }
      ],
      "outputs": [
        {
          "name": "positive",
          "type": "CONDITIONING",
          "links": [
            77
          ],
          "slot_index": 0,
          "label": "positive_conditioning"
        },
        {
          "name": "negative",
          "type": "CONDITIONING",
          "links": [
            78
          ],
          "slot_index": 1,
          "label": "negative_conditioning"
        },
        {
          "name": "latent",
          "type": "LATENT",
          "links": [
            88
          ],
          "slot_index": 2,
          "label": "Latent"
        }
      ],
      "properties": {
        "Node name for S&R": "InpaintModelConditioning"
      },
      "widgets_values": [
        false
      ]
    },
    {
      "id": 166,
      "type": "MaskComposite",
      "pos": [
        556.4259033203125,
        1441.2357177734375
      ],
      "size": [
        315,
        126
      ],
      "flags": {},
      "order": 52,
      "mode": 0,
      "inputs": [
        {
          "name": "destination",
          "type": "MASK",
          "link": 339,
          "label": "destination"
        },
        {
          "name": "source",
          "type": "MASK",
          "link": 353,
          "label": "source"
        }
      ],
      "outputs": [
        {
          "name": "MASK",
          "type": "MASK",
          "links": [
            342,
            344
          ],
          "slot_index": 0,
          "label": "mask"
        }
      ],
      "properties": {
        "Node name for S&R": "MaskComposite"
      },
      "widgets_values": [
        0,
        0,
        "add"
      ]
    },
    {
      "id": 58,
      "type": "ImageConcanate",
      "pos": [
        -976.460693359375,
        228.09803771972656
      ],
      "size": [
        320,
        102
      ],
      "flags": {},
      "order": 23,
      "mode": 0,
      "inputs": [
        {
          "name": "image1",
          "type": "IMAGE",
          "link": 151,
          "label": "image_1"
        },
        {
          "name": "image2",
          "type": "IMAGE",
          "link": 125,
          "label": "image_2"
        }
      ],
      "outputs": [
        {
          "name": "IMAGE",
          "type": "IMAGE",
          "links": [
            135,
            250
          ],
          "slot_index": 0,
          "label": "image"
        }
      ],
      "properties": {
        "Node name for S&R": "ImageConcanate"
      },
      "widgets_values": [
        "right",
        true
      ]
    },
    {
      "id": 135,
      "type": "ImageToMask",
      "pos": [
        610.5557861328125,
        832.5043334960938
      ],
      "size": [
        210,
        60
      ],
      "flags": {
        "collapsed": false
      },
      "order": 50,
      "mode": 0,
      "inputs": [
        {
          "name": "image",
          "type": "IMAGE",
          "link": 282,
          "label": "image"
        }
      ],
      "outputs": [
        {
          "name": "MASK",
          "type": "MASK",
          "links": [
            323,
            328
          ],
          "slot_index": 0,
          "label": "mask"
        }
      ],
      "properties": {
        "Node name for S&R": "ImageToMask"
      },
      "widgets_values": [
        "red"
      ]
    },
    {
      "id": 168,
      "type": "Reroute",
      "pos": [
        618.1854248046875,
        1007.1922607421875
      ],
      "size": [
        75,
        26
      ],
      "flags": {},
      "order": 54,
      "mode": 0,
      "inputs": [
        {
          "name": "",
          "type": "*",
          "link": 342
        }
      ],
      "outputs": [
        {
          "name": "MASK",
          "type": "MASK",
          "links": [
            343
          ],
          "slot_index": 0
        }
      ],
      "properties": {
        "showOutputText": true,
        "horizontal": false
      }
    },
    {
      "id": 136,
      "type": "ImageToMask",
      "pos": [
        631.5579223632812,
        1312.2230224609375
      ],
      "size": [
        210,
        60
      ],
      "flags": {
        "collapsed": false
      },
      "order": 48,
      "mode": 0,
      "inputs": [
        {
          "name": "image",
          "type": "IMAGE",
          "link": 284,
          "label": "image"
        }
      ],
      "outputs": [
        {
          "name": "MASK",
          "type": "MASK",
          "links": [
            324,
            339
          ],
          "slot_index": 0,
          "label": "mask"
        }
      ],
      "properties": {
        "Node name for S&R": "ImageToMask"
      },
      "widgets_values": [
        "red"
      ]
    },
    {
      "id": 180,
      "type": "DownloadAndLoadSAM2Model",
      "pos": [
        -1367.7047119140625,
        1526.450927734375
      ],
      "size": [
        315,
        130
      ],
      "flags": {},
      "order": 7,
      "mode": 0,
      "inputs": [],
      "outputs": [
        {
          "name": "sam2_model",
          "type": "SAM2MODEL",
          "links": [
            362
          ]
        }
      ],
      "properties": {
        "Node name for S&R": "DownloadAndLoadSAM2Model"
      },
      "widgets_values": [
        "sam2_hiera_large.safetensors",
        "single_image",
        "cuda",
        "fp16"
      ]
    },
    {
      "id": 181,
      "type": "easy humanSegmentation",
      "pos": [
        -1694.0074462890625,
        1534.3797607421875
      ],
      "size": [
        300,
        500
      ],
      "flags": {},
      "order": 18,
      "mode": 0,
      "inputs": [
        {
          "name": "image",
          "type": "IMAGE",
          "link": 402
        }
      ],
      "outputs": [
        {
          "name": "image",
          "type": "IMAGE",
          "links": null
        },
        {
          "name": "mask",
          "type": "MASK",
          "links": [
            361,
            364
          ],
          "slot_index": 1
        },
        {
          "name": "bbox",
          "type": "BBOX",
          "links": []
        }
      ],
      "properties": {
        "Node name for S&R": "easy humanSegmentation",
        "values": [
          4
        ]
      },
      "widgets_values": [
        "human_parts (deeplabv3p)",
        0.4,
        0,
        "4"
      ]
    },
    {
      "id": 182,
      "type": "MaskToImage",
      "pos": [
        -1320.7191162109375,
        1718.3646240234375
      ],
      "size": [
        264.5999755859375,
        26
      ],
      "flags": {},
      "order": 21,
      "mode": 0,
      "inputs": [
        {
          "name": "mask",
          "type": "MASK",
          "link": 361
        }
      ],
      "outputs": [
        {
          "name": "IMAGE",
          "type": "IMAGE",
          "links": [],
          "slot_index": 0
        }
      ],
      "properties": {
        "Node name for S&R": "MaskToImage"
      },
      "widgets_values": []
    },
    {
      "id": 118,
      "type": "GrowMaskWithBlur",
      "pos": [
        -637.9439697265625,
        1427.4439697265625
      ],
      "size": [
        320,
        250
      ],
      "flags": {
        "collapsed": false
      },
      "order": 28,
      "mode": 0,
      "inputs": [
        {
          "name": "mask",
          "type": "MASK",
          "link": 380,
          "label": "mask"
        }
      ],
      "outputs": [
        {
          "name": "mask",
          "type": "MASK",
          "links": [
            409
          ],
          "slot_index": 0,
          "label": "mask"
        },
        {
          "name": "mask_inverted",
          "type": "MASK",
          "links": [],
          "slot_index": 1,
          "label": "inverted_mask"
        }
      ],
      "properties": {
        "Node name for S&R": "GrowMaskWithBlur"
      },
      "widgets_values": [
        50,
        0.9999999999999999,
        true,
        false,
        5,
        1,
        1,
        false
      ]
    },
    {
      "id": 215,
      "type": "JWMaskResize",
      "pos": [
        -1317.2335205078125,
        1801.6512451171875
      ],
      "size": [
        315,
        106
      ],
      "flags": {},
      "order": 20,
      "mode": 0,
      "inputs": [
        {
          "name": "mask",
          "type": "MASK",
          "link": 406
        },
        {
          "name": "width",
          "type": "INT",
          "link": 407,
          "widget": {
            "name": "width"
          }
        },
        {
          "name": "height",
          "type": "INT",
          "link": 408,
          "widget": {
            "name": "height"
          }
        }
      ],
      "outputs": [
        {
          "name": "MASK",
          "type": "MASK",
          "links": [
            410
          ],
          "slot_index": 0
        }
      ],
      "properties": {
        "Node name for S&R": "JWMaskResize"
      },
      "widgets_values": [
        512,
        512,
        "nearest exact"
      ]
    },
    {
      "id": 212,
      "type": "Reroute",
      "pos": [
        -1086.5374755859375,
        1938.46875
      ],
      "size": [
        75,
        26
      ],
      "flags": {},
      "order": 14,
      "mode": 0,
      "inputs": [
        {
          "name": "",
          "type": "*",
          "link": 403
        }
      ],
      "outputs": [
        {
          "name": "",
          "type": "MASK",
          "links": [
            406
          ],
          "slot_index": 0
        }
      ],
      "properties": {
        "showOutputText": false,
        "horizontal": false
      }
    },
    {
      "id": 23,
      "type": "CLIPTextEncode",
      "pos": [
        110,
        -21.140352249145508
      ],
      "size": [
        420,
        160
      ],
      "flags": {},
      "order": 10,
      "mode": 0,
      "inputs": [
        {
          "name": "clip",
          "type": "CLIP",
          "link": 382,
          "label": "CLIP"
        }
      ],
      "outputs": [
        {
          "name": "CONDITIONING",
          "type": "CONDITIONING",
          "links": [
            41
          ],
          "slot_index": 0,
          "label": "conditioning"
        }
      ],
      "properties": {
        "Node name for S&R": "CLIPTextEncode"
      },
      "widgets_values": [
        "",
        [
          false,
          true
        ]
      ],
      "color": "#232",
      "bgcolor": "#353"
    },
    {
      "id": 97,
      "type": "InpaintStitch",
      "pos": [
        1377.9346923828125,
        494.368408203125
      ],
      "size": [
        228.50552368164062,
        78.80611419677734
      ],
      "flags": {},
      "order": 60,
      "mode": 0,
      "inputs": [
        {
          "name": "stitch",
          "type": "STITCH",
          "link": 253,
          "label": "stitch"
        },
        {
          "name": "inpainted_image",
          "type": "IMAGE",
          "link": 393,
          "label": "image"
        }
      ],
      "outputs": [
        {
          "name": "image",
          "type": "IMAGE",
          "links": [
            412,
            424,
            432
          ],
          "slot_index": 0,
          "label": "image"
        }
      ],
      "properties": {
        "Node name for S&R": "InpaintStitch"
      },
      "widgets_values": [
        "bislerp"
      ]
    },
    {
      "id": 223,
      "type": "Get Image Size",
      "pos": [
        1374.1373291015625,
        709.5068359375
      ],
      "size": [
        210,
        46
      ],
      "flags": {},
      "order": 61,
      "mode": 0,
      "inputs": [
        {
          "name": "image",
          "type": "IMAGE",
          "link": 424
        }
      ],
      "outputs": [
        {
          "name": "width",
          "type": "INT",
          "links": [
            425
          ],
          "slot_index": 0
        },
        {
          "name": "height",
          "type": "INT",
          "links": [
            430
          ],
          "slot_index": 1
        }
      ],
      "properties": {
        "Node name for S&R": "Get Image Size"
      }
    },
    {
      "id": 217,
      "type": "ETN_CropImage",
      "pos": [
        1315.204345703125,
        808.2689208984375
      ],
      "size": [
        315,
        130
      ],
      "flags": {},
      "order": 65,
      "mode": 0,
      "inputs": [
        {
          "name": "image",
          "type": "IMAGE",
          "link": 412
        },
        {
          "name": "x",
          "type": "INT",
          "link": 428,
          "widget": {
            "name": "x"
          }
        },
        {
          "name": "width",
          "type": "INT",
          "link": 429,
          "widget": {
            "name": "width"
          }
        },
        {
          "name": "height",
          "type": "INT",
          "link": 430,
          "widget": {
            "name": "height"
          }
        }
      ],
      "outputs": [
        {
          "name": "IMAGE",
          "type": "IMAGE",
          "links": [
            419
          ],
          "slot_index": 0
        }
      ],
      "properties": {
        "Node name for S&R": "ETN_CropImage"
      },
      "widgets_values": [
        0,
        0,
        512,
        512
      ]
    },
    {
      "id": 220,
      "type": "PreviewImage",
      "pos": [
        1690.9224853515625,
        788.3486328125
      ],
      "size": [
        822.1519165039062,
        1050.4151611328125
      ],
      "flags": {},
      "order": 66,
      "mode": 0,
      "inputs": [
        {
          "name": "images",
          "type": "IMAGE",
          "link": 419
        }
      ],
      "outputs": [],
      "properties": {
        "Node name for S&R": "PreviewImage"
      }
    },
    {
      "id": 177,
      "type": "PreviewImage",
      "pos": [
        -981.530517578125,
        1732.4764404296875
      ],
      "size": [
        311.3733215332031,
        321.05328369140625
      ],
      "flags": {},
      "order": 34,
      "mode": 0,
      "inputs": [
        {
          "name": "images",
          "type": "IMAGE",
          "link": 357
        }
      ],
      "outputs": [],
      "properties": {
        "Node name for S&R": "PreviewImage"
      },
      "widgets_values": []
    },
    {
      "id": 121,
      "type": "MaskToImage",
      "pos": [
        -487.10662841796875,
        1328.105712890625
      ],
      "size": [
        210,
        30
      ],
      "flags": {
        "collapsed": false
      },
      "order": 38,
      "mode": 0,
      "inputs": [
        {
          "name": "mask",
          "type": "MASK",
          "link": 411,
          "label": "mask"
        }
      ],
      "outputs": [
        {
          "name": "IMAGE",
          "type": "IMAGE",
          "links": [
            265,
            431
          ],
          "slot_index": 0,
          "label": "image"
        }
      ],
      "properties": {
        "Node name for S&R": "MaskToImage"
      },
      "widgets_values": []
    },
    {
      "id": 173,
      "type": "Reroute",
      "pos": [
        -288.4796447753906,
        1758.1141357421875
      ],
      "size": [
        82,
        26
      ],
      "flags": {},
      "order": 17,
      "mode": 0,
      "inputs": [
        {
          "name": "",
          "type": "*",
          "link": 354
        }
      ],
      "outputs": [
        {
          "name": "IMAGE",
          "type": "IMAGE",
          "links": [
            349
          ],
          "slot_index": 0
        }
      ],
      "properties": {
        "showOutputText": true,
        "horizontal": false
      }
    },
    {
      "id": 224,
      "type": "PreviewImage",
      "pos": [
        -642.1319580078125,
        1740.1690673828125
      ],
      "size": [
        311.3733215332031,
        321.05328369140625
      ],
      "flags": {},
      "order": 41,
      "mode": 0,
      "inputs": [
        {
          "name": "images",
          "type": "IMAGE",
          "link": 431
        }
      ],
      "outputs": [],
      "properties": {
        "Node name for S&R": "PreviewImage"
      }
    },
    {
      "id": 222,
      "type": "MathExpression|pysssss",
      "pos": [
        1369.482421875,
        994.847900390625
      ],
      "size": [
        256.18731689453125,
        120.99993896484375
      ],
      "flags": {},
      "order": 63,
      "mode": 0,
      "inputs": [
        {
          "name": "a",
          "type": "INT,FLOAT,IMAGE,LATENT",
          "link": 425,
          "shape": 7
        },
        {
          "name": "b",
          "type": "INT,FLOAT,IMAGE,LATENT",
          "link": null,
          "shape": 7
        },
        {
          "name": "c",
          "type": "INT,FLOAT,IMAGE,LATENT",
          "link": null,
          "shape": 7
        }
      ],
      "outputs": [
        {
          "name": "INT",
          "type": "INT",
          "links": [
            428,
            429
          ],
          "slot_index": 0
        },
        {
          "name": "FLOAT",
          "type": "FLOAT",
          "links": null
        }
      ],
      "properties": {},
      "widgets_values": [
        "a/2+0.5",
        [
          false,
          true
        ]
      ]
    },
    {
      "id": 115,
      "type": "InpaintCrop",
      "pos": [
        534.8445434570312,
        208.1097412109375
      ],
      "size": [
        440,
        386
      ],
      "flags": {},
      "order": 56,
      "mode": 0,
      "inputs": [
        {
          "name": "image",
          "type": "IMAGE",
          "link": 250,
          "label": "Image"
        },
        {
          "name": "mask",
          "type": "MASK",
          "link": 343,
          "label": "Mask"
        },
        {
          "name": "optional_context_mask",
          "type": "MASK",
          "link": 328,
          "shape": 7,
          "label": "Optional_Context_Mask"
        }
      ],
      "outputs": [
        {
          "name": "stitch",
          "type": "STITCH",
          "links": [
            253
          ],
          "shape": 3,
          "label": "stitch"
        },
        {
          "name": "cropped_image",
          "type": "IMAGE",
          "links": [
            254
          ],
          "slot_index": 1,
          "shape": 3,
          "label": "cropped_image"
        },
        {
          "name": "cropped_mask",
          "type": "MASK",
          "links": [
            255
          ],
          "slot_index": 2,
          "shape": 3,
          "label": "cropped_mask"
        }
      ],
      "properties": {
        "Node name for S&R": "InpaintCrop"
      },
      "widgets_values": [
        10,
        1,
        true,
        0,
        false,
        16,
        "bicubic",
        "ranged size",
        1024,
        1024,
        1,
        512,
        512,
        1024,
        1024,
        32
      ]
    },
    {
      "id": 124,
      "type": "ImageResize+",
      "pos": [
        -382.0141296386719,
        823.1538696289062
      ],
      "size": [
        320,
        220
      ],
      "flags": {
        "collapsed": false
      },
      "order": 39,
      "mode": 0,
      "inputs": [
        {
          "name": "image",
          "type": "IMAGE",
          "link": 264,
          "label": "image"
        }
      ],
      "outputs": [
        {
          "name": "IMAGE",
          "type": "IMAGE",
          "links": [
            273
          ],
          "slot_index": 0,
          "label": "image"
        },
        {
          "name": "width",
          "type": "INT",
          "links": [
            318,
            345
          ],
          "slot_index": 1,
          "label": "width"
        },
        {
          "name": "height",
          "type": "INT",
          "links": [
            319,
            346
          ],
          "slot_index": 2,
          "label": "height"
        }
      ],
      "properties": {
        "Node name for S&R": "ImageResize+"
      },
      "widgets_values": [
        1024,
        1024,
        "lanczos",
        "keep proportion",
        "always",
        0
      ]
    },
    {
      "id": 122,
      "type": "ImageResize+",
      "pos": [
        -253.55743408203125,
        1295.65576171875
      ],
      "size": [
        320,
        220
      ],
      "flags": {
        "collapsed": false
      },
      "order": 40,
      "mode": 0,
      "inputs": [
        {
          "name": "image",
          "type": "IMAGE",
          "link": 265,
          "label": "image"
        }
      ],
      "outputs": [
        {
          "name": "IMAGE",
          "type": "IMAGE",
          "links": [
            280
          ],
          "slot_index": 0,
          "label": "image"
        },
        {
          "name": "width",
          "type": "INT",
          "links": [
            315
          ],
          "slot_index": 1,
          "label": "width"
        },
        {
          "name": "height",
          "type": "INT",
          "links": [
            316
          ],
          "slot_index": 2,
          "label": "height"
        }
      ],
      "properties": {
        "Node name for S&R": "ImageResize+"
      },
      "widgets_values": [
        1024,
        1024,
        "lanczos",
        "keep proportion",
        "always",
        0
      ]
    },
    {
      "id": 49,
      "type": "ImageResize+",
      "pos": [
        -1368.7401123046875,
        380.0562744140625
      ],
      "size": [
        320,
        220
      ],
      "flags": {},
      "order": 13,
      "mode": 0,
      "inputs": [
        {
          "name": "image",
          "type": "IMAGE",
          "link": 106,
          "label": "image"
        }
      ],
      "outputs": [
        {
          "name": "IMAGE",
          "type": "IMAGE",
          "links": [
            125,
            301,
            354,
            402,
            433
          ],
          "slot_index": 0,
          "label": "image"
        },
        {
          "name": "width",
          "type": "INT",
          "label": "width"
        },
        {
          "name": "height",
          "type": "INT",
          "slot_index": 2,
          "label": "height"
        }
      ],
      "properties": {
        "Node name for S&R": "ImageResize+"
      },
      "widgets_values": [
        1024,
        1024,
        "lanczos",
        "keep proportion",
        "always",
        0
      ]
    },
    {
      "id": 225,
      "type": "ImageConcanate",
      "pos": [
        1688.9346923828125,
        -244.25537109375
      ],
      "size": [
        320,
        102
      ],
      "flags": {},
      "order": 62,
      "mode": 0,
      "inputs": [
        {
          "name": "image1",
          "type": "IMAGE",
          "link": 432,
          "label": "image_1"
        },
        {
          "name": "image2",
          "type": "IMAGE",
          "link": 433,
          "label": "image_2"
        }
      ],
      "outputs": [
        {
          "name": "IMAGE",
          "type": "IMAGE",
          "links": [
            434
          ],
          "slot_index": 0,
          "label": "image"
        }
      ],
      "properties": {
        "Node name for S&R": "ImageConcanate"
      },
      "widgets_values": [
        "left",
        true
      ]
    },
    {
      "id": 216,
      "type": "ImpactSwitch",
      "pos": [
        -2281.907958984375,
        1320.712890625
      ],
      "size": [
        304.5185852050781,
        146.20413208007812
      ],
      "flags": {},
      "order": 35,
      "mode": 0,
      "inputs": [
        {
          "name": "input1",
          "type": "MASK",
          "link": 409,
          "shape": 7,
          "label": "AUTO MASK"
        },
        {
          "name": "input2",
          "type": "MASK",
          "link": 410,
          "label": "MANUAL MASK"
        },
        {
          "name": "input3",
          "type": "MASK",
          "link": null
        }
      ],
      "outputs": [
        {
          "name": "MASK",
          "type": "MASK",
          "links": [
            411
          ],
          "label": "MASK",
          "slot_index": 0
        },
        {
          "name": "selected_label",
          "type": "STRING",
          "links": null
        },
        {
          "name": "selected_index",
          "type": "INT",
          "links": null
        }
      ],
      "title": "Switch (PERSON MASK)",
      "properties": {
        "Node name for S&R": "ImpactSwitch"
      },
      "widgets_values": [
        1,
        false
      ],
      "color": "#323",
      "bgcolor": "#535"
    },
    {
      "id": 147,
      "type": "easy imageSize",
      "pos": [
        -950,
        433.23431396484375
      ],
      "size": [
        210,
        100
      ],
      "flags": {},
      "order": 16,
      "mode": 0,
      "inputs": [
        {
          "name": "image",
          "type": "IMAGE",
          "link": 301,
          "label": "image"
        }
      ],
      "outputs": [
        {
          "name": "width_int",
          "type": "INT",
          "label": "width",
          "slot_index": 0,
          "links": [
            395,
            407
          ]
        },
        {
          "name": "height_int",
          "type": "INT",
          "links": [
            396,
            408
          ],
          "slot_index": 1,
          "label": "height"
        }
      ],
      "properties": {
        "Node name for S&R": "easy imageSize"
      },
      "widgets_values": [
        "Width: 819 , Height: 1024"
      ]
    },
    {
      "id": 74,
      "type": "ImageResize+",
      "pos": [
        -1363.6435546875,
        21.645442962646484
      ],
      "size": [
        320,
        220
      ],
      "flags": {},
      "order": 19,
      "mode": 0,
      "inputs": [
        {
          "name": "image",
          "type": "IMAGE",
          "link": 148,
          "label": "image"
        },
        {
          "name": "width",
          "type": "INT",
          "link": 395,
          "widget": {
            "name": "width"
          }
        },
        {
          "name": "height",
          "type": "INT",
          "link": 396,
          "widget": {
            "name": "height"
          }
        }
      ],
      "outputs": [
        {
          "name": "IMAGE",
          "type": "IMAGE",
          "links": [
            151,
            300,
            390,
            401
          ],
          "slot_index": 0,
          "label": "image"
        },
        {
          "name": "width",
          "type": "INT",
          "label": "width"
        },
        {
          "name": "height",
          "type": "INT",
          "label": "height"
        }
      ],
      "properties": {
        "Node name for S&R": "ImageResize+"
      },
      "widgets_values": [
        1024,
        1024,
        "lanczos",
        "fill / crop",
        "always",
        0
      ]
    },
    {
      "id": 17,
      "type": "LoadImage",
      "pos": [
        -1804.183837890625,
        334.65313720703125
      ],
      "size": [
        320,
        330
      ],
      "flags": {},
      "order": 8,
      "mode": 0,
      "inputs": [],
      "outputs": [
        {
          "name": "IMAGE",
          "type": "IMAGE",
          "links": [
            106,
            366
          ],
          "slot_index": 0,
          "shape": 3,
          "label": "image"
        },
        {
          "name": "MASK",
          "type": "MASK",
          "links": [
            403
          ],
          "slot_index": 1,
          "shape": 3,
          "label": "mask"
        }
      ],
      "title": "UPLOAD PERSON",
      "properties": {
        "Node name for S&R": "LoadImage"
      },
      "widgets_values": [
        "353739873_743232261136409_1029588303072202335_n (1).jpg",
        "image"
      ],
      "color": "#af3535"
    },
    {
      "id": 205,
      "type": "PreviewImage",
      "pos": [
        1683.8865966796875,
        -79.218017578125
      ],
      "size": [
        1700,
        850
      ],
      "flags": {},
      "order": 64,
      "mode": 0,
      "inputs": [
        {
          "name": "images",
          "type": "IMAGE",
          "link": 434
        }
      ],
      "outputs": [],
      "properties": {
        "Node name for S&R": "PreviewImage"
      }
    },
    {
      "id": 3,
      "type": "KSampler",
      "pos": [
        1004.4854125976562,
        -20.811275482177734
      ],
      "size": [
        340,
        610
      ],
      "flags": {},
      "order": 58,
      "mode": 0,
      "inputs": [
        {
          "name": "model",
          "type": "MODEL",
          "link": 86,
          "label": "model"
        },
        {
          "name": "positive",
          "type": "CONDITIONING",
          "link": 77,
          "label": "positive"
        },
        {
          "name": "negative",
          "type": "CONDITIONING",
          "link": 78,
          "label": "negative"
        },
        {
          "name": "latent_image",
          "type": "LATENT",
          "link": 88,
          "label": "latent_image"
        },
        {
          "name": "seed",
          "type": "INT",
          "link": 333,
          "widget": {
            "name": "seed"
          },
          "label": "seed"
        }
      ],
      "outputs": [
        {
          "name": "LATENT",
          "type": "LATENT",
          "links": [
            7
          ],
          "slot_index": 0,
          "label": "Latent"
        }
      ],
      "properties": {
        "Node name for S&R": "KSampler"
      },
      "widgets_values": [
        351154561263227,
        "fixed",
        25,
        1,
        "euler",
        "beta",
        1
      ]
    },
    {
      "id": 54,
      "type": "LoadImage",
      "pos": [
        -1800.6925048828125,
        -33.02021408081055
      ],
      "size": [
        320,
        314
      ],
      "flags": {},
      "order": 9,
      "mode": 0,
      "inputs": [],
      "outputs": [
        {
          "name": "IMAGE",
          "type": "IMAGE",
          "links": [
            148
          ],
          "slot_index": 0,
          "label": "image"
        },
        {
          "name": "MASK",
          "type": "MASK",
          "label": "mask"
        }
      ],
      "title": "UPLOAD OUTFIT",
      "properties": {
        "Node name for S&R": "LoadImage"
      },
      "widgets_values": [
        "kurar_512.jpg",
        "image"
      ],
      "color": "#346434"
    }
  ],
  "links": [
    [
      7,
      3,
      0,
      8,
      0,
      "LATENT"
    ],
    [
      41,
      23,
      0,
      26,
      0,
      "CONDITIONING"
    ],
    [
      60,
      32,
      0,
      8,
      1,
      "VAE"
    ],
    [
      77,
      38,
      0,
      3,
      1,
      "CONDITIONING"
    ],
    [
      78,
      38,
      1,
      3,
      2,
      "CONDITIONING"
    ],
    [
      81,
      7,
      0,
      38,
      1,
      "CONDITIONING"
    ],
    [
      82,
      32,
      0,
      38,
      2,
      "VAE"
    ],
    [
      86,
      39,
      0,
      3,
      0,
      "MODEL"
    ],
    [
      88,
      38,
      2,
      3,
      3,
      "LATENT"
    ],
    [
      106,
      17,
      0,
      49,
      0,
      "IMAGE"
    ],
    [
      114,
      56,
      0,
      55,
      1,
      "STYLE_MODEL"
    ],
    [
      116,
      26,
      0,
      55,
      0,
      "CONDITIONING"
    ],
    [
      117,
      55,
      0,
      38,
      0,
      "CONDITIONING"
    ],
    [
      125,
      49,
      0,
      58,
      1,
      "IMAGE"
    ],
    [
      135,
      58,
      0,
      60,
      0,
      "IMAGE"
    ],
    [
      148,
      54,
      0,
      74,
      0,
      "IMAGE"
    ],
    [
      151,
      74,
      0,
      58,
      0,
      "IMAGE"
    ],
    [
      250,
      58,
      0,
      115,
      0,
      "IMAGE"
    ],
    [
      253,
      115,
      0,
      97,
      0,
      "STITCH"
    ],
    [
      254,
      115,
      1,
      38,
      3,
      "IMAGE"
    ],
    [
      255,
      115,
      2,
      38,
      4,
      "MASK"
    ],
    [
      264,
      120,
      0,
      124,
      0,
      "IMAGE"
    ],
    [
      265,
      121,
      0,
      122,
      0,
      "IMAGE"
    ],
    [
      273,
      124,
      0,
      130,
      0,
      "IMAGE"
    ],
    [
      280,
      122,
      0,
      134,
      0,
      "IMAGE"
    ],
    [
      282,
      130,
      0,
      135,
      0,
      "IMAGE"
    ],
    [
      284,
      134,
      0,
      136,
      0,
      "IMAGE"
    ],
    [
      300,
      74,
      0,
      146,
      0,
      "IMAGE"
    ],
    [
      301,
      49,
      0,
      147,
      0,
      "IMAGE"
    ],
    [
      315,
      122,
      1,
      149,
      0,
      "INT"
    ],
    [
      316,
      122,
      2,
      149,
      1,
      "INT"
    ],
    [
      318,
      124,
      1,
      152,
      0,
      "INT"
    ],
    [
      319,
      124,
      2,
      152,
      1,
      "INT"
    ],
    [
      321,
      116,
      0,
      120,
      0,
      "MASK"
    ],
    [
      323,
      135,
      0,
      154,
      0,
      "MASK"
    ],
    [
      324,
      136,
      0,
      155,
      0,
      "MASK"
    ],
    [
      325,
      149,
      0,
      130,
      1,
      "IMAGE"
    ],
    [
      326,
      152,
      0,
      134,
      1,
      "IMAGE"
    ],
    [
      328,
      135,
      0,
      115,
      2,
      "MASK"
    ],
    [
      333,
      161,
      0,
      3,
      4,
      "INT"
    ],
    [
      339,
      136,
      0,
      166,
      0,
      "MASK"
    ],
    [
      342,
      166,
      0,
      168,
      0,
      "*"
    ],
    [
      343,
      168,
      0,
      115,
      1,
      "MASK"
    ],
    [
      344,
      166,
      0,
      169,
      0,
      "MASK"
    ],
    [
      345,
      124,
      1,
      171,
      0,
      "INT"
    ],
    [
      346,
      124,
      2,
      171,
      1,
      "INT"
    ],
    [
      347,
      171,
      0,
      172,
      1,
      "IMAGE"
    ],
    [
      349,
      173,
      0,
      172,
      0,
      "IMAGE"
    ],
    [
      351,
      172,
      0,
      175,
      0,
      "IMAGE"
    ],
    [
      353,
      175,
      1,
      166,
      1,
      "MASK"
    ],
    [
      354,
      49,
      0,
      173,
      0,
      "*"
    ],
    [
      357,
      178,
      0,
      177,
      0,
      "IMAGE"
    ],
    [
      358,
      183,
      0,
      178,
      0,
      "MASK"
    ],
    [
      361,
      181,
      1,
      182,
      0,
      "MASK"
    ],
    [
      362,
      180,
      0,
      183,
      0,
      "SAM2MODEL"
    ],
    [
      364,
      181,
      1,
      183,
      3,
      "MASK"
    ],
    [
      366,
      17,
      0,
      183,
      1,
      "IMAGE"
    ],
    [
      373,
      192,
      1,
      189,
      0,
      "MASK"
    ],
    [
      374,
      189,
      0,
      191,
      0,
      "IMAGE"
    ],
    [
      376,
      190,
      0,
      192,
      1,
      "FL2MODEL"
    ],
    [
      377,
      192,
      0,
      193,
      0,
      "IMAGE"
    ],
    [
      379,
      192,
      1,
      116,
      0,
      "MASK"
    ],
    [
      380,
      183,
      0,
      118,
      0,
      "MASK"
    ],
    [
      381,
      194,
      0,
      39,
      0,
      "MODEL"
    ],
    [
      382,
      195,
      0,
      23,
      0,
      "CLIP"
    ],
    [
      383,
      195,
      0,
      7,
      0,
      "CLIP"
    ],
    [
      389,
      52,
      0,
      200,
      0,
      "CLIP_VISION"
    ],
    [
      390,
      74,
      0,
      200,
      1,
      "IMAGE"
    ],
    [
      391,
      200,
      0,
      55,
      2,
      "CLIP_VISION_OUTPUT"
    ],
    [
      393,
      8,
      0,
      97,
      1,
      "IMAGE"
    ],
    [
      395,
      147,
      0,
      74,
      1,
      "INT"
    ],
    [
      396,
      147,
      1,
      74,
      2,
      "INT"
    ],
    [
      401,
      74,
      0,
      192,
      0,
      "IMAGE"
    ],
    [
      402,
      49,
      0,
      181,
      0,
      "IMAGE"
    ],
    [
      403,
      17,
      1,
      212,
      0,
      "*"
    ],
    [
      406,
      212,
      0,
      215,
      0,
      "MASK"
    ],
    [
      407,
      147,
      0,
      215,
      1,
      "INT"
    ],
    [
      408,
      147,
      1,
      215,
      2,
      "INT"
    ],
    [
      409,
      118,
      0,
      216,
      0,
      "*"
    ],
    [
      410,
      215,
      0,
      216,
      1,
      "MASK"
    ],
    [
      411,
      216,
      0,
      121,
      0,
      "MASK"
    ],
    [
      412,
      97,
      0,
      217,
      0,
      "IMAGE"
    ],
    [
      419,
      217,
      0,
      220,
      0,
      "IMAGE"
    ],
    [
      424,
      97,
      0,
      223,
      0,
      "IMAGE"
    ],
    [
      425,
      223,
      0,
      222,
      0,
      "INT,FLOAT,IMAGE,LATENT"
    ],
    [
      428,
      222,
      0,
      217,
      1,
      "INT"
    ],
    [
      429,
      222,
      0,
      217,
      2,
      "INT"
    ],
    [
      430,
      223,
      1,
      217,
      3,
      "INT"
    ],
    [
      431,
      121,
      0,
      224,
      0,
      "IMAGE"
    ],
    [
      432,
      97,
      0,
      225,
      0,
      "IMAGE"
    ],
    [
      433,
      49,
      0,
      225,
      1,
      "IMAGE"
    ],
    [
      434,
      225,
      0,
      205,
      0,
      "IMAGE"
    ]
  ],
  "groups": [
    {
      "id": 1,
      "title": "REDUX",
      "bounding": [
        -240.8473358154297,
        -589.9274291992188,
        1182.1231689453125,
        358.6148376464844
      ],
      "color": "#3f789e",
      "font_size": 24,
      "flags": {}
    },
    {
      "id": 2,
      "title": "Generate image",
      "bounding": [
        -241,
        -106.14035034179688,
        1882.143798828125,
        774.284423828125
      ],
      "color": "#3f789e",
      "font_size": 24,
      "flags": {}
    },
    {
      "id": 3,
      "title": "RESIZING",
      "bounding": [
        -1841,
        -106,
        1585,
        776
      ],
      "color": "#3f789e",
      "font_size": 24,
      "flags": {}
    },
    {
      "id": 5,
      "title": "MASK",
      "bounding": [
        -1842.0152587890625,
        719.1538696289062,
        3125.868896484375,
        1572.92041015625
      ],
      "color": "#3f789e",
      "font_size": 24,
      "flags": {}
    }
  ],
  "config": {},
  "extra": {
    "ds": {
      "scale": 1.7985878990924362,
      "offset": [
        2071.5327006906587,
        178.6869092916555
      ]
    },
    "0246.VERSION": [
      0,
      0,
      4
    ],
    "ue_links": []
  },
  "version": 0.4
}