{
  "last_node_id": 45,
  "last_link_id": 133,
  "nodes": [
    {
      "id": 8,
      "type": "VAEDecode",
      "pos": [
        1210,
        -270
      ],
      "size": {
        "0": 140,
        "1": 46
      },
      "flags": {},
      "order": 10,
      "mode": 0,
      "inputs": [
        {
          "name": "samples",
          "type": "LATENT",
          "link": 7
        },
        {
          "name": "vae",
          "type": "VAE",
          "link": 8
        }
      ],
      "outputs": [
        {
          "name": "IMAGE",
          "type": "IMAGE",
          "links": [
            10
          ],
          "slot_index": 0
        }
      ],
      "properties": {
        "Node name for S&R": "VAEDecode"
      }
    },
    {
      "id": 19,
      "type": "PulidEvaClipLoader",
      "pos": [
        130,
        120
      ],
      "size": {
        "0": 140,
        "1": 26
      },
      "flags": {},
      "order": 0,
      "mode": 0,
      "outputs": [
        {
          "name": "EVA_CLIP",
          "type": "EVA_CLIP",
          "links": [
            81
          ],
          "shape": 3,
          "slot_index": 0
        }
      ],
      "properties": {
        "Node name for S&R": "PulidEvaClipLoader"
      }
    },
    {
      "id": 17,
      "type": "PulidInsightFaceLoader",
      "pos": [
        60,
        190
      ],
      "size": {
        "0": 210,
        "1": 58
      },
      "flags": {},
      "order": 1,
      "mode": 0,
      "outputs": [
        {
          "name": "FACEANALYSIS",
          "type": "FACEANALYSIS",
          "links": [
            82
          ],
          "shape": 3,
          "slot_index": 0
        }
      ],
      "properties": {
        "Node name for S&R": "PulidInsightFaceLoader"
      },
      "widgets_values": [
        "CPU"
      ]
    },
    {
      "id": 16,
      "type": "PulidModelLoader",
      "pos": [
        -20,
        20
      ],
      "size": {
        "0": 304.0072021484375,
        "1": 58
      },
      "flags": {},
      "order": 2,
      "mode": 0,
      "outputs": [
        {
          "name": "PULID",
          "type": "PULID",
          "links": [
            117
          ],
          "shape": 3,
          "slot_index": 0
        }
      ],
      "properties": {
        "Node name for S&R": "PulidModelLoader"
      },
      "widgets_values": [
        "ip-adapter_pulid_sdxl_fp16.safetensors"
      ]
    },
    {
      "id": 5,
      "type": "EmptyLatentImage",
      "pos": [
        350,
        265
      ],
      "size": {
        "0": 315,
        "1": 106
      },
      "flags": {},
      "order": 3,
      "mode": 0,
      "outputs": [
        {
          "name": "LATENT",
          "type": "LATENT",
          "links": [
            2
          ],
          "slot_index": 0
        }
      ],
      "properties": {
        "Node name for S&R": "EmptyLatentImage"
      },
      "widgets_values": [
        768,
        1024,
        1
      ]
    },
    {
      "id": 33,
      "type": "ApplyPulid",
      "pos": [
        350,
        -10
      ],
      "size": {
        "0": 315,
        "1": 210
      },
      "flags": {},
      "order": 6,
      "mode": 0,
      "inputs": [
        {
          "name": "model",
          "type": "MODEL",
          "link": 133
        },
        {
          "name": "pulid",
          "type": "PULID",
          "link": 117
        },
        {
          "name": "eva_clip",
          "type": "EVA_CLIP",
          "link": 81
        },
        {
          "name": "face_analysis",
          "type": "FACEANALYSIS",
          "link": 82
        },
        {
          "name": "image",
          "type": "IMAGE",
          "link": 114
        }
      ],
      "outputs": [
        {
          "name": "MODEL",
          "type": "MODEL",
          "links": [
            132
          ],
          "shape": 3,
          "slot_index": 0
        }
      ],
      "properties": {
        "Node name for S&R": "ApplyPulid"
      },
      "widgets_values": [
        "fidelity",
        0.8,
        0,
        1
      ]
    },
    {
      "id": 23,
      "type": "CLIPTextEncode",
      "pos": [
        330,
        -260
      ],
      "size": {
        "0": 334.8077697753906,
        "1": 189.35675048828125
      },
      "flags": {},
      "order": 8,
      "mode": 0,
      "inputs": [
        {
          "name": "clip",
          "type": "CLIP",
          "link": 94
        }
      ],
      "outputs": [
        {
          "name": "CONDITIONING",
          "type": "CONDITIONING",
          "links": [
            34
          ],
          "shape": 3,
          "slot_index": 0
        }
      ],
      "properties": {
        "Node name for S&R": "CLIPTextEncode"
      },
      "widgets_values": [
        "blurry, malformed, low quality, worst quality, artifacts, noise, text, watermark, glitch, deformed, ugly, horror, ill"
      ]
    },
    {
      "id": 22,
      "type": "CLIPTextEncode",
      "pos": [
        340,
        -430
      ],
      "size": {
        "0": 315.23089599609375,
        "1": 113.96450805664062
      },
      "flags": {},
      "order": 7,
      "mode": 0,
      "inputs": [
        {
          "name": "clip",
          "type": "CLIP",
          "link": 93
        }
      ],
      "outputs": [
        {
          "name": "CONDITIONING",
          "type": "CONDITIONING",
          "links": [
            35
          ],
          "shape": 3,
          "slot_index": 0
        }
      ],
      "properties": {
        "Node name for S&R": "CLIPTextEncode"
      },
      "widgets_values": [
        "closeup portrait, cyberpunk, cinematic, hoodie, purple hair, highly detailed, 4k, high resolution"
      ]
    },
    {
      "id": 3,
      "type": "KSampler",
      "pos": [
        800,
        -270
      ],
      "size": {
        "0": 341.2750244140625,
        "1": 262
      },
      "flags": {},
      "order": 9,
      "mode": 0,
      "inputs": [
        {
          "name": "model",
          "type": "MODEL",
          "link": 132
        },
        {
          "name": "positive",
          "type": "CONDITIONING",
          "link": 35
        },
        {
          "name": "negative",
          "type": "CONDITIONING",
          "link": 34
        },
        {
          "name": "latent_image",
          "type": "LATENT",
          "link": 2
        }
      ],
      "outputs": [
        {
          "name": "LATENT",
          "type": "LATENT",
          "links": [
            7
          ],
          "slot_index": 0
        }
      ],
      "properties": {
        "Node name for S&R": "KSampler"
      },
      "widgets_values": [
        51,
        "fixed",
        30,
        6,
        "dpmpp_2m",
        "sgm_uniform",
        1
      ]
    },
    {
      "id": 12,
      "type": "LoadImage",
      "pos": [
        -115,
        310
      ],
      "size": {
        "0": 404.07366943359375,
        "1": 496.2817077636719
      },
      "flags": {},
      "order": 4,
      "mode": 0,
      "outputs": [
        {
          "name": "IMAGE",
          "type": "IMAGE",
          "links": [
            114
          ],
          "shape": 3,
          "slot_index": 0
        },
        {
          "name": "MASK",
          "type": "MASK",
          "links": null,
          "shape": 3
        }
      ],
      "properties": {
        "Node name for S&R": "LoadImage"
      },
      "widgets_values": [
        "monalisa.png",
        "image"
      ]
    },
    {
      "id": 4,
      "type": "CheckpointLoaderSimple",
      "pos": [
        -97,
        -265
      ],
      "size": {
        "0": 319.03692626953125,
        "1": 101.3391342163086
      },
      "flags": {},
      "order": 5,
      "mode": 0,
      "outputs": [
        {
          "name": "MODEL",
          "type": "MODEL",
          "links": [
            133
          ],
          "slot_index": 0
        },
        {
          "name": "CLIP",
          "type": "CLIP",
          "links": [
            93,
            94
          ],
          "slot_index": 1
        },
        {
          "name": "VAE",
          "type": "VAE",
          "links": [
            8
          ],
          "slot_index": 2
        }
      ],
      "properties": {
        "Node name for S&R": "CheckpointLoaderSimple"
      },
      "widgets_values": [
        "sdxl/Proteus-RunDiffusion.safetensors"
      ]
    },
    {
      "id": 10,
      "type": "PreviewImage",
      "pos": [
        1181,
        -162
      ],
      "size": [
        705.6038401281248,
        950.4616015812499
      ],
      "flags": {},
      "order": 11,
      "mode": 0,
      "inputs": [
        {
          "name": "images",
          "type": "IMAGE",
          "link": 10
        }
      ],
      "properties": {
        "Node name for S&R": "PreviewImage"
      }
    }
  ],
  "links": [
    [
      2,
      5,
      0,
      3,
      3,
      "LATENT"
    ],
    [
      7,
      3,
      0,
      8,
      0,
      "LATENT"
    ],
    [
      8,
      4,
      2,
      8,
      1,
      "VAE"
    ],
    [
      10,
      8,
      0,
      10,
      0,
      "IMAGE"
    ],
    [
      34,
      23,
      0,
      3,
      2,
      "CONDITIONING"
    ],
    [
      35,
      22,
      0,
      3,
      1,
      "CONDITIONING"
    ],
    [
      81,
      19,
      0,
      33,
      2,
      "EVA_CLIP"
    ],
    [
      82,
      17,
      0,
      33,
      3,
      "FACEANALYSIS"
    ],
    [
      93,
      4,
      1,
      22,
      0,
      "CLIP"
    ],
    [
      94,
      4,
      1,
      23,
      0,
      "CLIP"
    ],
    [
      114,
      12,
      0,
      33,
      4,
      "IMAGE"
    ],
    [
      117,
      16,
      0,
      33,
      1,
      "PULID"
    ],
    [
      132,
      33,
      0,
      3,
      0,
      "MODEL"
    ],
    [
      133,
      4,
      0,
      33,
      0,
      "MODEL"
    ]
  ],
  "groups": [],
  "config": {},
  "extra": {},
  "version": 0.4
}