{"last_node_id":16,"last_link_id":17,"nodes":[{"id":3,"type":"KSampler","pos":[862.9999999860954,176.00353838272093],"size":{"0":315,"1":262},"flags":{},"order":10,"mode":0,"inputs":[{"name":"model","type":"MODEL","link":1},{"name":"positive","type":"CONDITIONING","link":11},{"name":"negative","type":"CONDITIONING","link":6},{"name":"latent_image","type":"LATENT","link":2}],"outputs":[{"name":"LATENT","type":"LATENT","links":[7],"slot_index":0}],"properties":{"Node name for S&R":"KSampler"},"widgets_values":[545545196614521,"randomize",30,8,"euler","normal",1],"color":"#323","bgcolor":"#535"},{"id":12,"type":"LoadImage","pos":[-997.5472399902342,1.5354837074279897],"size":[315,314],"flags":{},"order":0,"mode":0,"outputs":[{"name":"IMAGE","type":"IMAGE","links":[13],"shape":3,"slot_index":0},{"name":"MASK","type":"MASK","links":null,"shape":3}],"properties":{"Node name for S&R":"LoadImage"},"widgets_values":["Brad pitt-01.jpg","image"],"color":"#232","bgcolor":"#353"},{"id":10,"type":"PhotoMakerEncodePlus","pos":[421.9999999860954,120.00353838272095],"size":{"0":400,"1":200},"flags":{},"order":9,"mode":0,"inputs":[{"name":"clip","type":"CLIP","link":10},{"name":"photomaker","type":"PHOTOMAKER","link":12,"slot_index":1},{"name":"image","type":"IMAGE","link":17}],"outputs":[{"name":"CONDITIONING","type":"CONDITIONING","links":[11],"shape":3,"slot_index":0}],"properties":{"Node name for S&R":"PhotoMakerEncodePlus"},"widgets_values":["img","An img of a man seated with poise in a grand interior,"],"color":"#232","bgcolor":"#353"},{"id":14,"type":"LoadImage","pos":[-992.5472399902343,376.5354837074281],"size":{"0":315,"1":314},"flags":{},"order":1,"mode":0,"outputs":[{"name":"IMAGE","type":"IMAGE","links":[14],"shape":3,"slot_index":0},{"name":"MASK","type":"MASK","links":null,"shape":3}],"properties":{"Node name for S&R":"LoadImage"},"widgets_values":["Brad pitt-02.webp","image"],"color":"#232","bgcolor":"#353"},{"id":15,"type":"PrepImageForClipVision","pos":[-619.5472399902347,376.5354837074281],"size":{"0":315,"1":106},"flags":{},"order":6,"mode":0,"inputs":[{"name":"image","type":"IMAGE","link":14}],"outputs":[{"name":"IMAGE","type":"IMAGE","links":[16],"shape":3,"slot_index":0}],"properties":{"Node name for S&R":"PrepImageForClipVision"},"widgets_values":["LANCZOS","center",0],"color":"#232","bgcolor":"#353"},{"id":13,"type":"PrepImageForClipVision","pos":[-616.5472399902347,2.535483707427989],"size":{"0":315,"1":106},"flags":{},"order":5,"mode":0,"inputs":[{"name":"image","type":"IMAGE","link":13}],"outputs":[{"name":"IMAGE","type":"IMAGE","links":[15],"shape":3,"slot_index":0}],"properties":{"Node name for S&R":"PrepImageForClipVision"},"widgets_values":["LANCZOS","center",0],"color":"#232","bgcolor":"#353"},{"id":16,"type":"ImageBatch","pos":[-260.5472399902343,167.5354837074279],"size":{"0":210,"1":46},"flags":{},"order":8,"mode":0,"inputs":[{"name":"image1","type":"IMAGE","link":15},{"name":"image2","type":"IMAGE","link":16}],"outputs":[{"name":"IMAGE","type":"IMAGE","links":[17],"shape":3,"slot_index":0}],"properties":{"Node name for S&R":"ImageBatch"},"color":"#232","bgcolor":"#353"},{"id":11,"type":"PhotoMakerLoader","pos":[17,88],"size":[354.5855407714844,58.63139343261719],"flags":{},"order":2,"mode":0,"outputs":[{"name":"PHOTOMAKER","type":"PHOTOMAKER","links":[12],"shape":3}],"properties":{"Node name for S&R":"PhotoMakerLoader"},"widgets_values":["photomaker-v2.bin"],"color":"#233","bgcolor":"#355"},{"id":4,"type":"CheckpointLoaderSimple","pos":[21,389],"size":{"0":315,"1":98},"flags":{},"order":3,"mode":0,"outputs":[{"name":"MODEL","type":"MODEL","links":[1],"slot_index":0},{"name":"CLIP","type":"CLIP","links":[5,10],"slot_index":1},{"name":"VAE","type":"VAE","links":[8],"slot_index":2}],"properties":{"Node name for S&R":"CheckpointLoaderSimple"},"widgets_values":["sd-xl-base.safetensors"],"color":"#233","bgcolor":"#355"},{"id":7,"type":"CLIPTextEncode","pos":[412,385],"size":[414.8550191377475,132.65277632923608],"flags":{},"order":7,"mode":0,"inputs":[{"name":"clip","type":"CLIP","link":5}],"outputs":[{"name":"CONDITIONING","type":"CONDITIONING","links":[6],"slot_index":0}],"properties":{"Node name for S&R":"CLIPTextEncode"},"widgets_values":["text, watermark"],"color":"#322","bgcolor":"#533"},{"id":5,"type":"EmptyLatentImage","pos":[511,578],"size":{"0":315,"1":106},"flags":{},"order":4,"mode":0,"outputs":[{"name":"LATENT","type":"LATENT","links":[2],"slot_index":0}],"properties":{"Node name for S&R":"EmptyLatentImage"},"widgets_values":[1024,1024,1],"color":"#323","bgcolor":"#535"},{"id":8,"type":"VAEDecode","pos":[1265,180],"size":{"0":210,"1":46},"flags":{},"order":11,"mode":0,"inputs":[{"name":"samples","type":"LATENT","link":7},{"name":"vae","type":"VAE","link":8}],"outputs":[{"name":"IMAGE","type":"IMAGE","links":[9],"slot_index":0}],"properties":{"Node name for S&R":"VAEDecode"},"color":"#323","bgcolor":"#535"},{"id":9,"type":"SaveImage","pos":[1536,178],"size":[314.45779852678584,368.90121458981037],"flags":{},"order":12,"mode":0,"inputs":[{"name":"images","type":"IMAGE","link":9}],"properties":{},"widgets_values":["ComfyUI"],"color":"#323","bgcolor":"#535"}],"links":[[1,4,0,3,0,"MODEL"],[2,5,0,3,3,"LATENT"],[5,4,1,7,0,"CLIP"],[6,7,0,3,2,"CONDITIONING"],[7,3,0,8,0,"LATENT"],[8,4,2,8,1,"VAE"],[9,8,0,9,0,"IMAGE"],[10,4,1,10,0,"CLIP"],[11,10,0,3,1,"CONDITIONING"],[12,11,0,10,1,"PHOTOMAKER"],[13,12,0,13,0,"IMAGE"],[14,14,0,15,0,"IMAGE"],[15,13,0,16,0,"IMAGE"],[16,15,0,16,1,"IMAGE"],[17,16,0,10,2,"IMAGE"]],"groups":[{"title":"Group","bounding":[7,14,1853,680],"color":"#3f789e","font_size":24},{"title":"Group","bounding":[-1008,-72,967,773],"color":"#8A8","font_size":24}],"config":{},"extra":{"ds":{"scale":0.5131581182307069,"offset":[547.3445531321779,455.21745175912514]}},"version":0.4}